run,sampled_lumi_VPDMB,prescale_VPDMB,lifetime_VPDMB,nevents_VPDMB,sampled_lumi_BHT2,prescale_BHT2,lifetime_BHT2,nevents_BHT2,BHT2_weight
13048009,3.796576e-05,127.11695099,0.90508824925658,949144.0,0.0395654769807857,1.0,0.903872388291889,75533.0,1595.1996035268673
13048010,6.87668e-06,117.03401184,0.909393098613884,171917.0,0.0066439655863992,1.0,0.908634611187896,12721.0,1580.3281844517023
13048011,4.188552e-05,103.82598114,0.913491282958305,1047138.0,0.0362467808804792,1.0,0.911579509071505,68586.0,1581.847584781933
13048012,4.236816e-05,100.36811066,0.91658681775786,1059204.0,0.0357487188378686,1.0,0.916199677064818,67777.0,1567.8681820933275
13048013,4.333596e-05,91.22914124,0.898518258264753,1083399.0,0.03354876634911,1.0,0.897873245427478,63568.0,1553.7158410195034
13048014,4.313404e-05,90.91260529,0.828044624948323,1078351.0,0.033189624988846,1.0,0.823702381264932,63011.0,1547.69170884689
13048015,4.46254e-05,84.17036438,0.855168859977622,1115635.0,0.0321089665429825,1.0,0.853804049585614,60875.0,1540.0992020688009
13048016,4.563532e-05,79.46669769,0.903836384092267,1140883.0,0.0312405808521736,1.0,0.903322294626642,59407.0,1525.2518570140314
13048017,1.284804e-05,76.53390503,0.912898026088802,321201.0,0.0084865044335956,1.0,0.911931006910732,16151.0,1520.446206029462
13048018,4.780944e-05,69.008255,0.912795868701751,1195236.0,0.0286633709385937,1.0,0.910193600702774,54086.0,1520.652426237004
13048019,2.4371e-05,67.73208618,0.873020596281177,609275.0,0.0186782465008471,1.0,0.793388187754385,27310.0,1373.2428645076395
13048030,1.90368e-05,263.72598267,0.899700594803155,475920.0,0.0373667009708938,1.0,0.900759080330925,74281.0,1691.686075683514
13048031,2.507876e-05,210.52140808,0.907526729350653,626969.0,0.0397194882234497,1.0,0.908019033777924,77821.0,1696.9969198629462
13048032,4.93744e-06,174.33831787,0.901093150047102,123436.0,0.0065663926152712,1.0,0.907529429184867,12560.0,1725.5839019650246
13048040,3.569028e-05,150.50765991,0.911145039910173,892257.0,0.0414667470159273,1.0,0.91113586004478,78807.0,1704.0384751311635
13048041,2.21074e-05,134.5582428,1.0,552685.0,0.021714514745,1.0,1.0,43565.0,1707.065819394422
13048042,3.908228e-05,125.64709473,0.909850987148602,977057.0,0.038601325544201,1.0,0.909810126582278,72748.0,1687.4534035456882
13048043,2.414988e-05,114.45292664,0.889136986600016,603747.0,0.0219282356925236,1.0,0.89026140663738,41205.0,1679.1165413300255
13048044,6.06128e-06,109.08151245,0.905037817607206,151532.0,0.0052729419931034,1.0,0.905771050141911,9854.0,1678.783365543662
13048045,9.54e-06,108.74959564,0.90755708674507,238500.0,0.0082637674102022,1.0,0.905339377170778,15633.0,1655.0501733583048
13048049,4.27126e-05,95.0255127,0.890663235534103,1067815.0,0.0329242073717795,1.0,0.88995304893856,62017.0,1634.854300451889
13048050,4.324044e-05,90.65010071,0.914832870825661,1081011.0,0.0320985742858434,1.0,0.915411601040344,60795.0,1612.891645894042
13048051,4.992012e-05,85.57178497,0.897528092411802,1248003.0,0.0353195882256249,1.0,0.898078019382686,66391.0,1609.5446418299182
13048052,4.614308e-05,78.68508148,0.845679666347581,1153577.0,0.0302058270536569,1.0,0.847246333433104,56834.0,1600.0537574547486
13048053,4.592524e-05,77.90901184,0.896699116534534,1148131.0,0.0298714528169621,1.0,0.89576985985055,56074.0,1593.555911083119
13048087,1.803872e-05,360.09820557,0.895504449007014,450968.0,0.049793836427446,1.0,0.896692564623874,99176.0,1639.5924729444675
13048088,2.409536e-05,245.98327637,0.898873871894264,602384.0,0.0456099382946333,1.0,0.897469414431895,88241.0,1676.6001040028827
13048089,2.815884e-05,200.69477844,0.903440115135828,703971.0,0.0440777435946155,1.0,0.902678706118139,83916.0,1682.2087792221691
13048090,3.105984e-05,171.83177185,0.910704305874236,776496.0,0.0420702220150154,1.0,0.910259780335326,79959.0,1667.8742402070684
13048091,3.298308e-05,152.32133484,0.878968470591397,824577.0,0.0400595583423627,1.0,0.878944796127351,75533.0,1662.8134238435039
13048092,3.342164e-05,137.30459595,0.834226644377195,835541.0,0.0367865916814392,1.0,0.831139095592444,69695.0,1639.9887630567448
13048093,8.6522e-06,119.23764801,0.828910221081613,216305.0,0.008281918029076,1.0,0.817404006677796,15916.0,1597.9945589008591
13049006,3.138476e-05,200.18565369,0.822420935083002,784619.0,0.0528598066479791,1.0,0.826088626360543,107928.0,1461.8073046690165
13049007,1.37044e-06,150.6131897,0.316707559693414,34261.0,0.0017685259772993,1.0,0.323402695022458,3554.0,1482.6233046700506
13049031,4.252184e-05,82.77916718,0.909903014379231,1063046.0,0.030354722050753,1.0,0.91009461205865,57261.0,1537.112384488535
13049032,1.971176e-05,79.46154022,0.909192183832071,492794.0,0.0134554064769286,1.0,0.905728053331401,25183.0,1549.0200912907228
13049035,4.472968e-05,77.21422577,0.854303437645441,1118242.0,0.0298575999016421,1.0,0.854355890030377,56135.0,1538.2469332892053
13049039,4.71588e-05,68.69824219,0.914801449609998,1178970.0,0.0282849455980905,1.0,0.913688376494881,53311.0,1517.409524896726
13049041,1.086296e-05,63.94635773,0.908701253180022,271574.0,0.0060862722623702,1.0,0.90774469433006,11663.0,1487.4292532464053
13049042,4.025712e-05,61.83962631,0.896877493724782,1006428.0,0.0219618111375956,1.0,0.896136160568353,41310.0,1505.342241685525
13049044,3.743408e-05,58.85899734,0.746960427281528,935852.0,0.0194268533145359,1.0,0.743850616981286,36587.0,1499.2752281796238
13049045,4.947084e-05,56.94299698,0.910264384435286,1236771.0,0.0249267522277484,1.0,0.908776455414199,46667.0,1506.6391463278164
13049046,4.93732e-05,56.95700073,0.911812902561381,1234330.0,0.0250409085489977,1.0,0.912546641791045,47156.0,1492.0754174978686
13049047,4.975764e-05,54.92100143,0.854441432257789,1243941.0,0.0242953873024713,1.0,0.851327069217235,45648.0,1491.181883883949
13049048,4.175376e-05,54.64899826,0.917188928252444,1043844.0,0.0203904721682818,1.0,0.91591354659781,38461.0,1481.1290900684828
13049049,3.96284e-05,51.85100174,0.69969471872006,990710.0,0.0186539177721686,1.0,0.70131922913247,34758.0,1481.344501812908
13049072,1.725964e-05,394.09631348,0.895499358496409,431491.0,0.0528178845773658,1.0,0.89393004032743,111906.0,1516.9071358783096
13049073,2.590184e-05,241.61694336,0.894698459968234,647546.0,0.0488950060132055,1.0,0.894375257932173,110864.0,1410.7516063165388
13049080,3.323792e-05,166.32563782,0.899420792294856,830948.0,0.0443717754788295,1.0,0.899155822683861,92806.0,1488.7748636257386
13049081,3.490696e-05,149.5223999,0.895580924693709,872674.0,0.0420092264092798,1.0,0.892678843681803,89644.0,1450.8665782054084
13049082,4.256672e-05,133.66732788,0.878658891197762,1064168.0,0.0462769962826915,1.0,0.877665631469979,102028.0,1392.5951303663146
13049093,4.346276e-05,91.10319519,0.8720801673361,1086569.0,0.0332013839469594,1.0,0.871167358671351,65706.0,1504.9811994469637
13049094,4.435632e-05,86.34493256,0.894536295326531,1108908.0,0.0323212208498268,1.0,0.89388252291044,63246.0,1512.800944887904
13049096,1.78754e-05,81.85422516,0.870867905992675,446885.0,0.0123565236798971,1.0,0.868913586504,24053.0,1517.3715261951108
13049098,4.641196e-05,76.8323822,0.896878193668221,1160299.0,0.0303798910690688,1.0,0.897395524867465,62334.0,1431.0000687997203
13049099,4.623564e-05,72.76434326,0.87823340583079,1155891.0,0.0288018902195902,1.0,0.878218432714422,62846.0,1338.2906713682955
13049101,4.734416e-05,68.4372406,0.895013506629956,1183604.0,0.0278878349919663,1.0,0.895152663589963,58795.0,1377.926456835008
13050001,3.815944e-05,66.94293976,0.876446421272641,953986.0,0.0220691319711374,1.0,0.875415282392027,42853.0,1488.5187261841122
13050006,1.865096e-05,453.44662476,0.771294081518238,466274.0,0.0640165499270186,1.0,0.748270930282201,140339.0,1461.5977643098627
13050009,2.603292e-05,173.01353455,0.917660868288515,650823.0,0.0354005865885318,1.0,0.918186945060134,70325.0,1602.0723728908442
13050011,3.57484e-05,150.74295044,0.915482293898391,893710.0,0.0426973561745638,1.0,0.913091156868173,86047.0,1561.5722506816383
13050012,3.791736e-05,136.32487488,0.917380667393345,947934.0,0.0414827484755098,1.0,0.918583209837438,81466.0,1588.3482715572259
13050015,4.13064e-06,114.99980927,0.896556247713689,103266.0,0.0038245101101714,1.0,0.887522977941177,8017.0,1466.373676729825
13050016,6.50664e-06,112.18183136,0.894487568500437,162666.0,0.0059605811070801,1.0,0.89576115001843,12432.0,1469.9285497548271
13050020,4.345964e-05,100.06311035,0.913582435986007,1086491.0,0.0357184219242016,1.0,0.913376683697167,74984.0,1449.5516910121542
13050022,4.404244e-05,95.44646454,0.897398072381634,1101061.0,0.0346948434760138,1.0,0.897112258558042,70620.0,1487.6650898308942
13050023,4.53254e-05,89.4931488,0.860248282231026,1133135.0,0.0337765124194302,1.0,0.862568734293747,69583.0,1461.2959886695899
13050028,2.972252e-05,80.80103302,0.916622022737877,743063.0,0.0201612678744242,1.0,0.914948342195133,42576.0,1407.6153033678088
13050029,4.283572e-05,77.49938202,0.907571346615298,1070893.0,0.0281583169206332,1.0,0.906074047523037,55090.0,1504.0229454661965
13050031,1.356372e-05,72.32710266,0.912172645287312,339093.0,0.0083359859800673,1.0,0.911689518940274,15903.0,1541.3836627806818
13050032,4.955468e-05,69.19876862,0.914313418996948,1238867.0,0.029097748899344,1.0,0.912224264705882,55771.0,1533.631943224198
13050036,5.088096e-05,64.34376526,0.901881557313023,1272024.0,0.0280101132563691,1.0,0.901585004711267,53795.0,1520.9573596647408
13050037,2.025784e-05,62.17920303,0.915008233845733,506446.0,0.0108171152864131,1.0,0.914396713405376,20672.0,1522.3182524310075
13050038,5.173548e-05,60.4811554,0.915567636174716,1293387.0,0.0269509682143287,1.0,0.915703148373018,52206.0,1498.6231126474124
13050041,4.193976e-05,51.70600128,0.913921697713573,1048494.0,0.0188784178478163,1.0,0.913955551293424,38285.0,1416.1013526316058
13051006,2.388024e-05,315.64016724,0.890476979509623,597006.0,0.0601086412227776,1.0,0.889509208696537,131534.0,1431.069366145926
13051007,3.567076e-05,197.040802,0.904725782748802,891769.0,0.0555444854713245,1.0,0.904262660163418,115683.0,1518.156788663293
13051008,3.508584e-05,152.04997253,0.888180881712192,877146.0,0.042322998917257,1.0,0.887101578790587,86721.0,1536.0518919913143
13051009,3.803172e-05,135.04370117,0.907072343762548,950793.0,0.0410916501892689,1.0,0.908331797035125,84073.0,1529.3481244870081
13051010,3.978008e-05,124.55026245,0.916806200211298,994502.0,0.0399368149437944,1.0,0.917033257082527,83689.0,1480.435442179943
13051011,4.173956e-05,113.45101166,0.858023262062944,1043489.0,0.0385445485932954,1.0,0.859241006491392,79428.0,1492.5832168642582
13051012,1.182844e-05,100.73802185,0.912383020198578,295711.0,0.0097815439796909,1.0,0.912840394226727,19851.0,1501.399146598933
13051015,4.45118e-05,92.792099,0.9128742111594,1112795.0,0.0342867287030404,1.0,0.914516022464486,69457.0,1489.3285797772019
13051016,4.508196e-05,88.91152954,0.901725558127044,1127049.0,0.0335472894376101,1.0,0.903179620174514,67098.0,1495.860362166266
13051017,4.598488e-05,83.77264404,0.914769798887951,1149622.0,0.0322624179081274,1.0,0.912865690058396,63804.0,1506.2756284242614
13051019,4.140684e-05,80.31111145,0.917109653595384,1035171.0,0.0280707075499301,1.0,0.916312103703458,55563.0,1494.9415236075704
13051020,4.708788e-05,77.59233856,0.914503491406644,1177197.0,0.0311502767849567,1.0,0.915194079444193,60783.0,1503.8817557215698
13051021,4.331976e-05,72.12121582,0.916602848110942,1082994.0,0.026667994318812,1.0,0.914083617088497,52297.0,1489.419503376232
13051022,4.922776e-05,67.19866943,0.913094240625758,1230694.0,0.0283169004024769,1.0,0.910552187448796,55775.0,1478.6330757720564
13051023,4.887904e-05,68.85703278,0.915976975897077,1221976.0,0.0289789728109006,1.0,0.915947702184295,58699.0,1433.3966916851996
13051024,2.79894e-05,64.72924042,0.915340851027961,699735.0,0.0156259333637199,1.0,0.914025209363478,32163.0,1406.2187564011194
13051026,5.006068e-05,63.64228439,0.897237263910132,1251517.0,0.0276692127115192,1.0,0.897172318826656,56246.0,1415.9875464656216
13051028,2.94368e-05,60.32624054,0.886121398678356,735920.0,0.0154242020767714,1.0,0.88262676641729,32033.0,1380.4577615736746
13051069,3.99478e-05,107.85122681,0.890551804135944,998695.0,0.0337129150455208,1.0,0.889606241730164,78020.0,1379.0837869070406
13051070,3.303548e-05,93.18370056,0.886894107354625,825887.0,0.0242781108503715,1.0,0.887928474811125,54102.0,1424.1425999043834
13051071,4.489316e-05,88.76751709,0.895433969913566,1122329.0,0.0317370528474169,1.0,0.895649264550986,72556.0,1373.426215056956
13051072,4.644024e-05,81.97206116,0.893924652770257,1161006.0,0.0305624554701069,1.0,0.894823532370211,71220.0,1337.626402883525
13051073,4.73756e-05,77.62109375,0.89221539551896,1184390.0,0.0297028087603031,1.0,0.891785538612887,69158.0,1328.6872795683464
13051074,5.499136e-05,73.67195129,0.879545871236653,1374784.0,0.0330604187158386,1.0,0.878902099388191,78857.0,1283.4483575225331
13051081,1.702472e-05,60.8766861,0.910152552779886,425618.0,0.0086648059668366,1.0,0.910963052695336,19774.0,1311.484104766544
13051083,5.102832e-05,59.08200073,0.90183785171764,1275708.0,0.0252609509804406,1.0,0.901215350535832,60408.0,1246.844048072748
13051084,3.143564e-05,58.7460022,1.0,785891.0,0.014533055111875,1.0,1.0,36997.0,1247.8837315176959
13051085,5.161592e-05,58.32600021,0.911533305127319,1290398.0,0.0254091937229406,1.0,0.910926458025938,58867.0,1277.6877993847233
13051086,5.208376e-05,56.22399902,0.903557832942452,1302094.0,0.0249093847293344,1.0,0.905438979352023,54105.0,1355.9069925815593
13051087,4.331844e-05,55.04200363,0.91636414713329,1082961.0,0.0203514299231091,1.0,0.915511068030306,46461.0,1281.7815277961815
13051091,5.270428e-05,51.15399933,0.911047221478333,1317607.0,0.0232035621851718,1.0,0.9111209751767,53561.0,1258.4963690532795
13051092,5.272996e-05,50.21299744,0.911420707659592,1318249.0,0.0228342270330272,1.0,0.91023293227678,53391.0,1238.1669152987297
13051093,5.29232e-05,49.58100128,0.915437200507741,1323080.0,0.0227868217824904,1.0,0.91505306040336,54770.0,1197.2266559221482
13051099,3.11984e-05,184.08531189,0.858283813609052,779960.0,0.0441045022294513,1.0,0.862888116588722,121117.0,1191.8179691824787
13051100,2.4668e-06,146.89405823,0.886311457240757,61670.0,0.002771315642477,1.0,0.881497140014922,7480.0,1204.5119803509697
13052001,3.692472e-05,140.20175171,0.895818351910483,923118.0,0.0401013335437892,1.0,0.894344630461413,105518.0,1224.5289496461717
13052002,3.956948e-05,123.79009247,0.909215453383058,989237.0,0.0385352416956405,1.0,0.911606522422016,96102.0,1277.5986034264556
13052003,4.138596e-05,112.17047882,0.895392136874437,1034649.0,0.0367579696886925,1.0,0.893889165147246,97150.0,1192.6120914109188
13052004,4.199136e-05,105.15812683,0.893322024710314,1049784.0,0.0353191593537591,1.0,0.892238977825651,96402.0,1143.7468125615594
13052005,3.355432e-05,100.715271,0.913246639808335,838858.0,0.0271382140577594,1.0,0.911942755308874,67357.0,1252.5080763366855
13052009,9.4884e-06,84.81652832,0.907416094285819,237210.0,0.0066056463604609,1.0,0.909837026615078,15778.0,1278.552786070803
13052010,4.588732e-05,83.45298767,0.90565184586478,1147183.0,0.0313882968860332,1.0,0.903096845549437,78656.0,1213.7123853973126
13052011,4.600384e-05,80.1015625,0.908263160921856,1150096.0,0.0305198910761808,1.0,0.908320477427736,89831.0,1025.5958432772495
13052012,4.644644e-05,77.48586273,0.900953382272042,1161161.0,0.0298657131050227,1.0,0.900144570462829,88716.0,1013.2646872567242
13052013,4.67492e-05,74.0247345,0.902607061622525,1168730.0,0.0291029090335273,1.0,0.905372253921001,98870.0,877.7179302103065
13052014,4.773472e-05,68.19547272,0.892606935239964,1193368.0,0.0275485603508456,1.0,0.892818678750686,88234.0,922.5650013884025
13052015,9.5012e-06,66.49881744,0.909279361431401,237530.0,0.0053997886138425,1.0,0.909682713347921,16938.0,932.9596704347628
13052016,3.956824e-05,59.86100006,0.913421475572193,989206.0,0.0203276915684233,1.0,0.912335681402185,66093.0,894.8674000040915
13052017,4.998092e-05,57.0320015,0.899946775129536,1249523.0,0.0247404608152592,1.0,0.900252083187452,77432.0,920.6397045487963
13052018,5.056188e-05,50.5739975,0.912800645590843,1264047.0,0.0227367898722995,1.0,0.913677772822832,71959.0,889.247201092817
13052019,5.143044e-05,49.77200317,0.894349147526873,1285761.0,0.0221391658873635,1.0,0.895723517026065,61894.0,1035.5324133045513
13052020,4.9546e-05,58.91399765,0.910237005311154,1238650.0,0.0258199296728237,1.0,0.910077576744243,74046.0,985.3475107299779
13052036,8.52868e-06,278.94442749,0.7927215626823,213217.0,0.0186301169065652,1.0,0.793121817135795,37575.0,1583.6520019833758
13052037,2.321476e-05,248.41874695,0.84207544021038,580369.0,0.0452954853681481,1.0,0.840850041440452,90508.0,1590.6299459202194
13052039,2.694608e-05,202.30296326,0.912416181446825,673652.0,0.0433110478978726,1.0,0.912212175489329,84665.0,1609.2992941006273
13052042,3.063028e-05,158.1178894,0.907586971613922,765757.0,0.0388721435845723,1.0,0.906612501198351,75929.0,1592.9338978253809
13052043,3.220572e-05,145.50126648,0.906554599264397,805143.0,0.0380714184242018,1.0,0.907329422661315,73776.0,1589.2628034450872
13052045,3.361608e-05,133.16499329,0.912330989719751,840402.0,0.0365840437877655,1.0,0.912248509929466,70357.0,1590.4886395508308
13052046,3.302388e-05,126.1107254,0.875236623117059,825597.0,0.0341878554661034,1.0,0.873008145058358,66584.0,1559.7071467363855
13052047,2.31812e-06,114.91175842,0.885411564970528,57953.0,0.0021970826814231,1.0,0.883777239709443,4242.0,1566.994064186689
13052048,3.583752e-05,112.08132172,0.890150587383966,895938.0,0.0332090574672894,1.0,0.886953987900316,64181.0,1558.9864092616942
13052050,3.729684e-05,104.00299835,0.849430381536311,932421.0,0.0323223663395153,1.0,0.84850329220384,61565.0,1573.4384677842838
13052051,3.758736e-05,102.40844727,0.884254873507288,939684.0,0.032240758626203,1.0,0.885117080879184,61806.0,1558.5123056186244
13052052,3.83902e-05,96.46930695,0.868962875490172,959755.0,0.0312587060841683,1.0,0.869263407031115,60477.0,1531.473468407571
13052053,3.343112e-05,92.85760498,0.525144519559627,835778.0,0.0263204529895915,1.0,0.527826590203609,50375.0,1548.480644623162
13052056,1.232436e-05,85.38624573,1.0,308109.0,0.00845678651,1.0,1.0,16963.0,1550.9208739977933
13052057,0.0,81.09579468,1.0,0.0,0.0,1.0,1.0,0.0,
13052059,0.0,79.32484436,0.0,0.0,0.0,1.0,0.0,0.0,
13052061,1.880552e-05,79.94171906,0.81851094873338,470138.0,0.0128233028690427,1.0,0.816880385372142,24255.0,1546.434516296885
13052088,1.984696e-05,320.19262695,0.908395218395012,496174.0,0.0489460214235231,1.0,0.906600790895994,94093.0,1685.1139306341163
13053004,2.385728e-05,244.54724121,0.910578527587458,596432.0,0.0454945922104129,1.0,0.909081332757476,86639.0,1680.720929378938
13053005,2.661028e-05,201.66056824,0.88947902224478,665257.0,0.0422490641042908,1.0,0.8897229846666,80959.0,1657.5414765023431
13053006,2.851312e-05,184.31221008,0.913661463140556,712828.0,0.0416364443366266,1.0,0.914382725380528,78925.0,1665.9692153645128
13053007,3.123828e-05,154.1973877,0.908725097882987,780957.0,0.0386216765723114,1.0,0.907086062909436,72815.0,1650.81822836642
13053012,3.319664e-05,137.61489868,0.909562396944165,829916.0,0.037069130982421,1.0,0.910069750118507,67456.0,1694.0303580599511
13053013,2.520284e-05,129.14170837,0.916305472486348,630071.0,0.0265487843338504,1.0,0.915492688155578,48046.0,1692.050735235438
13053015,3.502852e-05,120.79118347,0.886825756785967,875713.0,0.0346357114586024,1.0,0.886155241564037,62782.0,1683.5786090366612
13053023,2.623824e-05,106.67500305,0.88622062651314,655956.0,0.023258200004815,1.0,0.88334657736406,39120.0,1782.9033602255072
13053027,3.96068e-05,87.39974213,0.900817469747142,990170.0,0.0291305982246562,1.0,0.900221838797141,54962.0,1573.5122633003853
13053028,4.024496e-05,85.14070892,0.837813270785737,1006124.0,0.0289464769534694,1.0,0.837749120750293,53791.0,1592.3770074782783
13053029,1.801532e-05,81.95514679,0.85257829504392,450383.0,0.0124615031171144,1.0,0.807470750295181,22780.0,1534.6064861995706
13054010,2.483092e-05,240.56265259,0.915669869699762,620773.0,0.0469182125308219,1.0,0.914608168007918,85339.0,1747.872001005756
13054023,8.76424e-06,105.0869751,0.90742610149276,219106.0,0.0078757164344325,1.0,0.9067791315214,14537.0,1582.7729544173797
13054043,2.904668e-05,193.89753723,0.911601326966105,726167.0,0.0414910775821892,1.0,0.910651924214825,78812.0,1784.6946185922704
13054044,3.103256e-05,171.97210693,0.905743510269017,775814.0,0.0399833572190224,1.0,0.9061448728188,75133.0,1776.5494511111394
13054047,4.7656e-06,146.88839722,0.631027297712002,119140.0,0.0052270953199043,1.0,0.621115980898803,9752.0,1766.3467021234799
13054050,1.193128e-05,132.41625977,1.0,298282.0,0.01136213102125,1.0,1.0,22564.0,1750.4603260377214
13054056,1.5576e-07,126.90994263,0.0138306022715811,3894.0,0.0001522060117616,1.0,0.0140378460329047,273.0,1837.3349243412963
13054058,2.961588e-05,124.42455292,0.879113725022347,740397.0,0.0285424146817496,1.0,0.875528731212278,52551.0,1745.8828406033024
13054060,3.448112e-05,111.65499115,0.86224468669032,862028.0,0.0303677772914816,1.0,0.862983852275361,56081.0,1717.7339829406626
13054061,3.523928e-05,104.73914337,0.891786988347342,880982.0,0.0292837208937339,1.0,0.89099755069397,53562.0,1721.2131138043478
13054062,3.58062e-05,100.95716858,0.891590406090717,895155.0,0.0291534633983652,1.0,0.891445427728614,53064.0,1702.8045212928946
13054063,4.392456e-05,93.23719788,0.778462109945165,1098114.0,0.0335272447514607,1.0,0.779816513761468,60752.0,1688.2276554256098
13054064,4.441088e-05,89.44550323,0.891565091083742,1110272.0,0.0324543738561031,1.0,0.89325164483612,59407.0,1674.8312163647597
13054065,4.511516e-05,84.68032837,0.858246156419184,1127879.0,0.0314171653573055,1.0,0.859179181577253,57573.0,1660.7262946300843
13054066,2.048888e-05,81.73968506,0.882141297865431,512222.0,0.0138486599309268,1.0,0.883119584055459,25698.0,1631.0723452474792
13054068,4.659844e-05,77.85690308,0.843573823382631,1164961.0,0.0300352863040392,1.0,0.841399032116146,53775.0,1682.3137922669891
13054069,4.701664e-05,74.62657928,0.872167729884896,1175416.0,0.0295137620250922,1.0,0.871899308917304,52431.0,1672.4891605752123
13054070,4.774052e-05,70.52972412,0.843187212998017,1193513.0,0.028603201087612,1.0,0.845332802970034,51185.0,1648.7710052105765
13054071,4.196908e-05,67.01004028,0.854222154467207,1049227.0,0.0238872493911649,1.0,0.84659806174443,42523.0,1638.6714208343974
13054083,1.695776e-05,401.75823975,0.861298003162616,423944.0,0.0512777728133663,1.0,0.861602250310514,94696.0,1799.2645996727272
13054084,2.085072e-05,308.26992798,0.848667264641402,521268.0,0.0490787099809154,1.0,0.84805242754292,91930.0,1746.7076279505304
13054085,2.381076e-05,255.31814575,0.881030981379767,595269.0,0.0471140386610432,1.0,0.879946821667079,85733.0,1770.566216457445
13055001,2.824156e-05,217.15266418,0.861452686392869,706039.0,0.0398381333822245,1.0,0.712514739810305,69824.0,1816.1493178298506
13055004,1.60896e-05,173.78787231,0.82756768277949,402240.0,0.0222246810744025,1.0,0.823089873824792,43751.0,1589.1338338144935
13055006,2.688412e-05,151.62420654,0.85911292011898,672103.0,0.0328760331440657,1.0,0.858014368469638,64257.0,1583.9017543643567
13055007,2.773696e-05,141.19432068,0.829517535118139,693424.0,0.0317819393483112,1.0,0.827757630088423,61231.0,1595.5938974083213
13055008,2.884968e-05,133.32843018,0.852065263985653,721242.0,0.0314613383313858,1.0,0.850925420741176,61088.0,1572.0505440724407
13055009,2.997528e-05,127.0605011,0.908133161867533,749382.0,0.0314004233501495,1.0,0.908150777138661,59617.0,1597.1736145538102
13055010,3.107356e-05,118.87779999,0.893769326831661,776839.0,0.0305649154005574,1.0,0.893718303724215,57706.0,1600.2432899991345
13055011,3.210316e-05,111.20101166,0.83066847621533,802579.0,0.0297290314401536,1.0,0.830611751186912,55146.0,1618.2769767654504
13055014,5.105e-06,100.81009674,0.563162479205938,127625.0,0.0043357877670651,1.0,0.564774588704508,8140.0,1585.1005531347737
13055016,3.412128e-05,92.98677826,0.831177695496602,853032.0,0.0267941018349964,1.0,0.827921324090351,50161.0,1575.1268193518094
13055017,3.533996e-05,87.2251358,0.843922582144596,883499.0,0.0262595965379677,1.0,0.844031958123838,49142.0,1568.3795529354854
13055018,3.593572e-05,83.10948181,0.891068089759022,898393.0,0.0254930070613623,1.0,0.89024046325368,47577.0,1567.8926299462055
13055019,3.646488e-05,80.66860962,0.844632277686091,911622.0,0.0251918968764696,1.0,0.84144024661266,47160.0,1553.4639498762433
13055020,3.713832e-05,77.48753357,0.855840260752284,928458.0,0.0248268983496245,1.0,0.855802894426451,45870.0,1568.3623140000702
13055021,3.770004e-05,75.05553436,0.855151992315088,942501.0,0.0244691650767411,1.0,0.855217316808498,45136.0,1567.3812470113724
13055022,3.809476e-05,72.40496826,0.904819529769431,952369.0,0.0240298336738176,1.0,0.903335240742255,44386.0,1551.0099948332522
13055023,6.7168e-06,71.46490479,0.671932950604162,167920.0,0.0041836927913466,1.0,0.670938660067173,7790.0,1538.2065828081647
13055024,6.50936e-06,69.57241058,0.782386083572988,162734.0,0.0039193333604255,1.0,0.776342394967423,7097.0,1582.9701723825872
13055034,2.414432e-05,201.90278625,0.83797266064583,603608.0,0.0351350695001328,1.0,0.837060064671586,67347.0,1807.6145048970225
13055035,3.537996e-05,146.4907074,0.847410738388741,884499.0,0.0376451451600145,1.0,0.845497341018748,72264.0,1788.972679652303
13055036,3.92394e-05,116.78955078,0.841539375499494,980985.0,0.0337438056146718,1.0,0.841305505409302,64998.0,1762.161265665317
13055037,4.280712e-05,97.18654633,0.876422108461488,1070178.0,0.0308696809824334,1.0,0.876186380353541,59320.0,1752.8477649165077
13055038,4.61488e-05,83.43492889,0.849524146267616,1153720.0,0.0288952729419815,1.0,0.849348028562558,54748.0,1757.8832114729883
13055039,1.691148e-05,75.81123352,0.752585165612764,422787.0,0.0097163237002345,1.0,0.752232511989416,18376.0,1743.4144943796393
13055068,2.287316e-05,272.18835449,0.887919988268976,571829.0,0.0468831444741728,1.0,0.886551480246539,88124.0,1763.4844783324093
13055069,2.484292e-05,239.3374939,0.845127330000282,621073.0,0.0452016288433985,1.0,0.844638774118497,84527.0,1757.5464078346147
13055070,5.29556e-06,210.47105408,0.848695262613488,132389.0,0.0085305505675201,1.0,0.84773036151128,15936.0,1746.5093560871778
13055071,2.798924e-05,200.00547791,0.835567325807484,699731.0,0.0434367794105404,1.0,0.835955919774821,80752.0,1733.890418413935
13055073,3.090112e-05,167.30015564,0.833612243826787,772528.0,0.0408267028975651,1.0,0.834275536281267,75676.0,1709.219463829716
13055075,3.289492e-05,149.99066162,0.847734953471775,822373.0,0.039270325927089,1.0,0.846189901451857,72478.0,1698.7701113884737
13055076,2.257024e-05,149.46517944,0.853211171021801,564256.0,0.027062465259549,1.0,0.851666866223081,49829.0,1689.4574591834444
13055080,3.48594e-05,125.99928284,0.83887387337331,871485.0,0.0360672452863113,1.0,0.837017936369497,66435.0,1649.1841274808908
13056004,3.702e-06,246.39601135,0.75067468580996,92550.0,0.0070760922311331,1.0,0.747601850806907,13565.0,1674.2060045648093
13056005,2.858612e-05,132.19416809,0.829069854112662,714653.0,0.0293632882777507,1.0,0.826247965476564,55572.0,1694.223765024092
13056007,1.823132e-05,111.89354706,0.777060746026092,455783.0,0.0159584358343953,1.0,0.778398846015146,30437.0,1678.4504791057884
13056008,2.678364e-05,103.79283142,0.800477360995569,669591.0,0.0217755942725607,1.0,0.800527004154485,41793.0,1663.0310311082972
13056017,1.836116e-05,345.88760376,0.874576874025789,459029.0,0.0467321680192575,1.0,0.877054587433346,96107.0,1656.718552558997
13056020,2.981888e-05,182.43685913,0.852714160460374,745472.0,0.0400599750875021,1.0,0.851533795682327,78614.0,1727.5970036008596
13056021,3.48144e-05,135.90299988,0.8209763070145,870360.0,0.0351708728304612,1.0,0.819297676152006,68429.0,1725.038819519748
13056022,3.85152e-05,111.9569397,0.842264410377558,962880.0,0.0323245449568028,1.0,0.840445243923881,62388.0,1724.1819529919132
13056023,4.091032e-05,99.03942871,0.839381972762894,1022758.0,0.0305017076242629,1.0,0.839288272542334,58842.0,1721.2545570950836
13056024,4.301936e-05,87.47920227,0.830756877897669,1075484.0,0.0285174072627736,1.0,0.829537893909151,55042.0,1706.777252180699
13056025,9.12668e-06,77.74031067,0.640112387795136,228167.0,0.0053589807009992,1.0,0.633873986275733,10363.0,1694.963314912818
13056026,1.305868e-05,74.28218842,0.724796344991666,326467.0,0.0074950706652176,1.0,0.733030271722285,14395.0,1703.7984721518585
13056027,4.664548e-05,72.9991684,0.844416557012038,1166137.0,0.0261029239452966,1.0,0.844906276841201,50333.0,1692.257578671922
13056028,4.849752e-05,64.28666687,0.861194651839417,1212438.0,0.0239773547272885,1.0,0.857770794755251,46037.0,1686.3331004697277
13056029,4.929428e-05,60.58666611,0.852492779025055,1232357.0,0.0232641972159675,1.0,0.852192389414719,44255.0,1686.5459920545588
13056030,4.983888e-05,57.51666641,0.842438851298334,1245972.0,0.0224408697574645,1.0,0.843919366787539,43431.0,1652.9690684549407
13056031,5.034504e-05,54.58222198,0.890451888554216,1258626.0,0.021653370631183,1.0,0.890590248075278,41802.0,1643.6839911062077
13056032,9.90376e-06,51.34666824,0.63400201155725,247594.0,0.004040203299649,1.0,0.637025263510122,7759.0,1646.3139309335122
13056033,5.132408e-05,51.11000061,0.844489130466099,1283102.0,0.0207590304956613,1.0,0.84399882040696,40197.0,1630.5014966587398
13057005,1.746656e-05,372.31109619,0.888173851182635,436664.0,0.0496476785221495,1.0,0.887132425668063,103573.0,1567.8239103237458
13057006,1.74164e-05,273.26773071,0.825756922121917,435410.0,0.0362564743918467,1.0,0.825630348762308,71841.0,1655.9522368046248
13057007,2.547452e-05,244.53016663,0.844331690730631,636863.0,0.0480155617488167,1.0,0.844024417815962,93635.0,1662.5785310558483
13057008,2.861772e-05,208.41246033,0.905476295089539,715443.0,0.0466034374547293,1.0,0.904074066570774,89582.0,1661.9000143429857
13057009,3.062856e-05,187.51423645,0.84856837603681,765714.0,0.0451740271079381,1.0,0.848250686929006,85852.0,1671.813369109155
13057010,3.115408e-05,175.98875427,0.905920023978649,778852.0,0.0435403468859675,1.0,0.904456280808549,82293.0,1662.932731268103
13057011,6.71272e-06,161.46565247,0.667498158099183,167818.0,0.0087120906881501,1.0,0.669681202510737,16523.0,1645.3103403304453
13057014,3.55788e-05,140.67300415,0.907644611799651,889470.0,0.0405262466970557,1.0,0.90740097497874,76018.0,1645.5422421057324
13057015,3.72288e-05,131.73686218,0.853755591265295,930720.0,0.0397966599561971,1.0,0.851635540986634,74033.0,1652.0425520562035
13057016,3.748252e-05,126.18146515,0.866029111322227,937063.0,0.0388036243939728,1.0,0.864848184139508,71681.0,1647.2809934041384
13057017,3.724356e-05,126.18146515,0.848602450691274,931089.0,0.0388850835686385,1.0,0.848156104972048,71681.0,1638.1520783947833
13057018,3.757572e-05,126.18146515,0.866943277796776,939393.0,0.0394927564959722,1.0,0.86708022666269,72876.0,1626.7730063319457
13057019,1.923424e-05,126.18146515,0.820945335143723,480856.0,0.0200884288807977,1.0,0.811403700625519,37338.0,1606.135933900411
13057021,3.747632e-05,126.18146515,0.90201738532378,936908.0,0.0397739184846685,1.0,0.901320087266273,73361.0,1610.242972443675
13057022,3.752172e-05,126.18146515,0.867337633164984,938043.0,0.0399367153429973,1.0,0.864944264780791,73241.0,1611.6249429538832
13057023,3.746544e-05,126.18146515,0.875128876395991,936636.0,0.0403331017362732,1.0,0.875990137338749,73771.0,1603.6439255454488
13057024,3.720912e-05,126.18146515,0.92010501890576,930228.0,0.0402989743197973,1.0,0.919894968702167,74088.0,1583.9371547301398
13057025,3.762776e-05,126.18146515,0.929167596916649,940694.0,0.0408644678212981,1.0,0.92826214452389,74583.0,1589.9397794545412
13057026,3.753384e-05,126.18146515,0.931788921686231,938346.0,0.0411523294982619,1.0,0.932182002622659,75540.0,1568.0675359047632
13057027,9.87644e-06,126.18146515,0.80824679783984,246911.0,0.0108840993814036,1.0,0.812241521918941,19805.0,1580.8925461732576
13057042,2.839736e-05,190.8767395,0.85667160585768,709934.0,0.041188980127965,1.0,0.858255889345148,79455.0,1708.6463035738593
13057044,3.334652e-05,159.31033325,0.872767832151915,833663.0,0.0411701994021589,1.0,0.873047520308067,76851.0,1728.7177935439602
13057045,3.435084e-05,149.26261902,0.885769293536945,858771.0,0.0401972940411625,1.0,0.886232314825823,74803.0,1714.4955929355726
13057046,3.5251e-05,139.15951538,0.844944081100983,881275.0,0.039136163360034,1.0,0.848220795409111,72349.0,1701.6599314960065
13057047,2.690448e-05,131.92698669,0.843996669909178,672612.0,0.0283263516500038,1.0,0.842737831769058,52411.0,1690.548230612422
13057048,2.92768e-05,120.35573578,0.88137093974822,731920.0,0.0283205445059872,1.0,0.879267815524897,51894.0,1693.4629870034144
13057049,3.881032e-05,115.66257477,0.845599096714191,970258.0,0.0365321170138012,1.0,0.847217657320557,67251.0,1671.9058980413402
13057050,3.984208e-05,109.41094971,0.868511195840914,996052.0,0.0355652606086823,1.0,0.868309849767386,65371.0,1666.6982421886414
13057051,4.039576e-05,104.48867798,0.848586554486529,1009894.0,0.0347463276838779,1.0,0.847418876098031,63595.0,1657.0058513885097
13057052,4.171356e-05,99.34923553,0.8817161753836,1042839.0,0.0342758926466077,1.0,0.880879821665397,62666.0,1651.7247382587216
13057053,4.644912e-05,95.53460693,0.814749533805079,1161228.0,0.0369283065544535,1.0,0.812867339642991,67266.0,1645.4253008942746
13057055,4.345744e-05,87.30447388,0.839847457202346,1086436.0,0.0317935617323408,1.0,0.837354703631507,58168.0,1625.7941942084503
13057056,4.37626e-05,84.2700882,0.854407353695012,1094065.0,0.031221147136416,1.0,0.857506515546397,56793.0,1629.2743265350884
13057057,4.477012e-05,81.06577301,0.87241120204586,1119253.0,0.03069103023173,1.0,0.871814708389908,55415.0,1636.2189424425076
13057058,2.223436e-05,78.53154755,0.882454865322398,555859.0,0.0148101069476115,1.0,0.88134040185876,27096.0,1608.9953584908465
13058002,4.687132e-05,70.06945801,0.905516919571838,1171783.0,0.0281775046020033,1.0,0.905686472684717,51246.0,1602.4972418175275
13058003,4.695836e-05,68.12685394,0.888094007899286,1173959.0,0.0275554584373615,1.0,0.844220351695975,50831.0,1495.682759296056
13058008,1.620808e-05,482.7958374,0.866050335165566,405202.0,0.0457748224866393,1.0,0.685728212805961,98818.0,1567.501341853765
13058013,2.310732e-05,307.99230957,0.838894068858898,577683.0,0.0544955656180406,1.0,0.838933057345815,89442.0,1989.3359996236297
13058014,2.579564e-05,262.13729858,0.871063930815343,644891.0,0.052524789306012,1.0,0.87101322295739,86780.0,1947.9159206356974
13058015,1.248512e-05,237.18357849,0.796482183466081,312128.0,0.02286484309589,1.0,0.783066694369416,37954.0,1917.7080036170626
13058016,2.974604e-05,212.79771423,0.872591864639438,743651.0,0.049944331630921,1.0,0.871202309929725,82172.0,1922.73807308208
13058017,3.163172e-05,194.14602661,0.903572022339037,790793.0,0.0488862440022642,1.0,0.902619551128999,79624.0,1926.1463987916702
13058018,3.257048e-05,182.48477173,0.867236619058634,814262.0,0.0477979377353408,1.0,0.865899616474904,78157.0,1898.2475800743975
13058020,3.5496e-05,159.21405029,0.89447323920595,887400.0,0.0461725658889455,1.0,0.894599715774514,75761.0,1865.1618357420612
13058022,3.1104e-07,63.3694725,0.0733687880546104,7776.0,0.0016628360334626,1.0,0.368572999725048,2681.0,923.3188499611098
13058023,3.264608e-05,126.53569031,0.892144274023318,816152.0,0.0341523926944544,1.0,0.893149419218585,54356.0,1902.0661890946524
13058025,4.317512e-05,117.18135834,0.853677813905392,1079378.0,0.04207874851054,1.0,0.855293997758076,67349.0,1881.5786118706355
13058026,4.436584e-05,109.32720184,0.870019357100694,1109146.0,0.0403394965827999,1.0,0.868940099631445,64597.0,1874.8456740982597
13058028,4.572124e-05,104.13871765,0.911708676803153,1143031.0,0.039942179368938,1.0,0.910886025599136,64341.0,1848.3762490868712
13058029,4.646032e-05,100.40263367,0.861012643310759,1161508.0,0.0393629549222173,1.0,0.862587654454949,63846.0,1829.8998693879357
13058031,4.816624e-05,95.22550201,0.85470462539739,1204156.0,0.0387768280608815,1.0,0.854570124583693,62525.0,1833.6395857195885
13058032,2.38192e-05,90.6503067,0.860666911253158,595480.0,0.0182770164994344,1.0,0.824778711009304,29350.0,1762.5063396184123
13059036,4.586e-07,268.81176758,0.347184161030252,11465.0,0.000926389437139,1.0,0.339227077544835,1707.0,1764.084652205361
13060007,1.632064e-05,150.02429199,0.757959804595617,408016.0,0.018596209486437,1.0,0.761786120835929,35475.0,1734.2162701480827
13060008,3.80958e-05,139.65133667,0.833535884154443,952395.0,0.0404697654071232,1.0,0.834142932816392,74277.0,1791.9423047090552
13060010,2.57868e-06,118.03117371,0.395571676008365,64467.0,0.0023498777741081,1.0,0.393114881997269,4298.0,1759.389812418033
13060011,4.564088e-05,115.33316803,0.856819478114755,1141022.0,0.0410086005465626,1.0,0.85713796449569,75335.0,1747.4825502236602
13061024,3.89332e-05,156.50782776,0.842211297499213,973330.0,0.0461926119924183,1.0,0.841468032627496,82310.0,1849.098858254256
13061025,3.363232e-05,138.32955933,0.816064606657328,840808.0,0.0357547037978454,1.0,0.814262364705731,63543.0,1826.3496815224862
13061029,4.283728e-05,126.36411285,0.84467409280794,1070932.0,0.0425295054346084,1.0,0.845605916246994,74813.0,1810.8705959110237
13061030,4.507848e-05,112.96030426,0.78567792297311,1126962.0,0.0402499160132453,1.0,0.782138361927225,69264.0,1829.6439961016347
13061031,4.56344e-05,106.90515137,0.759685182552771,1140860.0,0.0392950680413424,1.0,0.756523093698886,68148.0,1782.2408991987227
13061035,2.704844e-05,98.55915833,0.904368654499488,676211.0,0.0218005836051345,1.0,0.900455401635631,38018.0,1745.4469646951923
13061053,3.987732e-05,188.24597168,0.873430854132728,996933.0,0.0569089650113474,1.0,0.873956207883953,102004.0,1840.9229124100166
13061054,4.993588e-05,162.42478943,0.878327360528118,1248397.0,0.0636243729269709,1.0,0.878138556592612,113826.0,1781.0257110056637
13061055,5.42284e-05,140.2411499,0.826339398894879,1355710.0,0.0606266374109134,1.0,0.818756505816295,107970.0,1744.75907628249
13061056,4.359064e-05,124.89060974,0.891420452707762,1089766.0,0.0450257200004165,1.0,0.892185560200002,78518.0,1734.867882104348
13061059,4.807656e-05,115.47692871,0.859440350354256,1201914.0,0.0481037500854888,1.0,0.858451078295974,81080.0,1709.8369151949971
13061060,5.923172e-05,108.45419312,0.533546596177139,1480793.0,0.0558092529271778,1.0,0.534959331109002,94323.0,1707.149316919332
13061061,6.921872e-05,77.03803253,0.893318480097912,1730468.0,0.044434197844739,1.0,0.894768517992801,78858.0,1693.274523438379
13062001,5.12562e-05,79.72080994,0.872509676767353,1281405.0,0.0343021639721431,1.0,0.87170645832424,60107.0,1697.9819743216876
13062002,2.49446e-05,75.71261597,0.847867071271432,623615.0,0.0159581868188702,1.0,0.845676165882751,27750.0,1697.0636813286144
13062004,5.276232e-05,72.19208527,0.856867403340404,1319058.0,0.0325801542388461,1.0,0.854911047989236,57394.0,1655.3669994317102
13062005,5.306488e-05,70.42845917,0.854262988526534,1326622.0,0.0322302914871717,1.0,0.854601152929104,56834.0,1644.5952929035452
13062006,5.49484e-05,65.11053467,0.856940705840878,1373710.0,0.0306790875696795,1.0,0.854960374295808,53891.0,1655.8663955740983
13062007,5.555168e-05,62.72862244,0.886416126656281,1388792.0,0.0301739134232085,1.0,0.841753331550213,53673.0,1541.3252081287167
13062013,3.201784e-05,203.96942139,0.845014354204389,800446.0,0.0504069907867716,1.0,0.847291562041496,86356.0,1895.7164558412962
13062014,1.56192e-06,181.67301941,0.910027868085208,39048.0,0.0017387524456661,1.0,0.718506360279032,3796.0,1475.4991034843997
13062025,2.047388e-05,402.04208374,0.895540221354881,511847.0,0.0612211448599045,1.0,0.894123336132957,105527.0,1946.9751986444405
13062026,3.124328e-05,267.20117188,0.897406072550312,781082.0,0.0628777847556274,1.0,0.897202590037666,106349.0,1962.0184735766106
13062027,2.93512e-05,212.4016571,0.813792409554266,733780.0,0.0475933680969603,1.0,0.811789851492635,80501.0,1931.3121769473278
13062028,3.47108e-05,185.87257385,0.865205344933516,867770.0,0.0501572884381733,1.0,0.866096488094631,85150.0,1896.1922897562201
13062029,3.806144e-05,166.74478149,0.882265144582855,951536.0,0.0501250657465787,1.0,0.881424550083816,83841.0,1890.6321805481266
13062031,2.287528e-05,151.77127075,1.0,571882.0,0.0268692701,1.0,1.0,45887.0,1891.4999424466953
13062045,1.433044e-05,121.46273041,0.741178919371121,358261.0,0.014168737209604,1.0,0.74133490551401,24000.0,1813.5215567764983
13062046,2.149476e-05,119.49764252,0.807695893532797,537369.0,0.0209523356950406,1.0,0.807034024515981,35479.0,1808.4418395010623
13062049,4.204808e-05,110.30853271,0.854708445217834,1051202.0,0.0383704838315752,1.0,0.856356515295861,64958.0,1788.542450589576
13062050,4.331808e-05,103.86470795,0.905694356251475,1082952.0,0.0375240852360908,1.0,0.907307142547754,63080.0,1786.3156190460143
13062052,9.50652e-06,98.86126709,1.0,237663.0,0.0076797987,1.0,1.0,12904.0,1820.8048140429842
13062059,5.490064e-05,91.91693878,0.863160537865185,1372516.0,0.0428138381367832,1.0,0.8640938590914,72209.0,1749.0047103997774
13062060,1.053972e-05,87.2385788,0.88693843533139,263493.0,0.0077927660637151,1.0,0.885835966478912,13087.0,1754.273874381424
13062061,3.223972e-05,86.89533997,0.843545540954666,805993.0,0.0237850999187444,1.0,0.842115179300383,40426.0,1729.5373557878677
13062062,6.139344e-05,83.8600235,0.84988739099203,1534836.0,0.0440861457028585,1.0,0.850650542692581,74307.0,1733.712284252375
13062063,5.73038e-05,79.67420959,0.889994621586314,1432595.0,0.0393255045924047,1.0,0.87951374572732,66340.0,1700.2820768843308
13063006,1.012744e-05,88.1625824,0.744454369380078,253186.0,0.0072378391409286,1.0,0.75409086289257,14956.0,1511.7992626747873
13063009,3.131576e-05,193.10473633,0.839717049186269,782894.0,0.0453816371624207,1.0,0.839903915445592,87727.0,1723.6903390554623
13063010,3.36108e-05,170.4680481,0.841478034445315,840270.0,0.043503352102852,1.0,0.839596346959753,85301.0,1675.465465603165
13063011,3.585576e-05,155.17002869,0.849785361923154,896394.0,0.0428528441087897,1.0,0.850463081410224,83454.0,1668.0376292734745
13063012,8.00536e-06,143.63874817,0.667861234319219,200134.0,2.70791108075857e-06,1.0,0.0002026202526885,17149.0,0.5085694912383473
13063020,5.1914e-06,129.86300659,0.574268574851528,129785.0,0.0052646520590327,1.0,0.568654726714195,10103.0,1651.9359473542297
13063022,3.964548e-05,126.06015778,0.854199630018144,991137.0,0.0396707739763604,1.0,0.854184584110532,76752.0,1627.8492528197798
13063023,4.095984e-05,118.02629089,0.866938156967201,1023996.0,0.038733174539294,1.0,0.867198282472013,73818.0,1637.7402996984774
13063030,4.261792e-05,107.27760315,0.843464045134211,1065448.0,0.0373360093696442,1.0,0.84364985663687,70277.0,1626.7610631478778
13063031,4.353244e-05,101.19821167,0.90425152575769,1088311.0,0.0362897393738712,1.0,0.904473873537797,68101.0,1617.6298179808189
13063032,4.386188e-05,96.22055817,0.879999132379753,1096547.0,0.0350092437352055,1.0,0.87939299275577,65516.0,1609.3425928576855
13063034,6.004108e-05,91.31246948,1.0,1501027.0,0.04486940924625,1.0,1.0,85953.0,1594.6212712314402
13063035,6.044784e-05,86.1239624,1.0,1511196.0,0.0430962181125,1.0,1.0,84203.0,1545.6716207620914
13063036,7.56698e-05,80.97511292,0.870527042930148,1891745.0,0.0523754716804886,1.0,0.869067188519243,100132.0,1527.2578036918774
13063051,2.868712e-05,222.09994507,1.0,717178.0,0.0453462875025,1.0,1.0,103254.0,1542.653983433208
13063053,5.076548e-05,141.81045532,1.0,1269137.0,0.0521401036525,1.0,1.0,126524.0,1422.4723833696282
13063054,5.671204e-05,109.39012909,1.0,1417801.0,0.04557601245625,1.0,1.0,106763.0,1452.6889878884172
13063059,2.075796e-05,351.92776489,0.858784500769051,518949.0,0.0548416352474194,1.0,0.858773600761947,122626.0,1489.3272521537413
13063061,4.803596e-05,158.11903381,0.87347709178175,1200899.0,0.0579152921138046,1.0,0.874379604796695,113714.0,1671.5724245547565
13063062,5.944328e-05,119.61675262,0.865239572958083,1486082.0,0.0546777649399827,1.0,0.862548948111039,109103.0,1624.222284827317
13063063,1.402344e-05,101.83280945,0.827896146383195,350586.0,0.0110495464013219,1.0,0.825983224603914,22390.0,1590.8292491729362
13063065,3.384972e-05,96.55883789,1.0,846243.0,0.0248936097075,1.0,1.0,57756.0,1414.7835835678939
13063067,3.558696e-05,86.13131714,1.0,889674.0,0.02357853355,1.0,1.0,54693.0,1401.0713152544631
13063068,6.753048e-05,82.33023071,0.878632119727016,1688262.0,0.042979388435394,1.0,0.853342331758609,102419.0,1318.059031473902
13063071,2.07808e-05,73.9413147,1.0,519520.0,0.01201001292,1.0,1.0,29310.0,1310.6104337408394
13063072,4.686592e-05,72.14571381,0.869796154714494,1171648.0,0.0273041155164698,1.0,0.87017967473901,61535.0,1374.2854133823694
13063073,7.36634e-05,68.55661011,0.866147038236585,1841585.0,0.0410422482057494,1.0,0.863843026862852,93516.0,1346.4752933489267
13063074,6.053256e-05,65.23378754,0.844597730180096,1513314.0,0.0322845342755247,1.0,0.841593189419276,75027.0,1311.101655516431
13063076,8.420672e-05,62.0328064,0.875397691178549,2105168.0,0.04309118962485,1.0,0.873378651478964,95342.0,1366.5360917321996
13064001,6.252408e-05,58.09807968,0.860218715462213,1563102.0,0.0301534017506707,1.0,0.857904271798776,65533.0,1382.0348359142463
13064002,9.572844e-05,56.35647202,0.868787782918195,2393211.0,0.0451522196278509,1.0,0.865974797463739,97555.0,1378.0557983425942
13064003,5.777304e-05,53.41181564,0.873340180422235,1444326.0,0.0260372367443185,1.0,0.872479001033104,58461.0,1318.280634126575
13064004,5.801516e-05,51.70636368,0.889335677509583,1450379.0,0.0253711161703479,1.0,0.887832096886691,56193.0,1332.3195702163316
13064005,2.289696e-05,50.93454361,0.775740959599504,572424.0,0.0097982445377863,1.0,0.769066492923589,21457.0,1347.1266231596633
13064006,8.89784e-06,50.16636276,0.792660218828664,222446.0,0.0038071192118558,1.0,0.794634873323398,8183.0,1367.1155450113629
13064012,1.126192e-05,317.77529907,0.859197121793945,281548.0,0.0259058130446345,1.0,0.855565516210967,57558.0,1547.8445640319524
13064014,3.099352e-05,213.55982971,1.0,774838.0,0.0477522970425,1.0,1.0,107802.0,1534.9833150854063
13064020,4.094988e-05,132.81993103,0.852152332505308,1023747.0,0.0416558454890411,1.0,0.852968269211924,87164.0,1561.4726398306589
13064021,4.264548e-05,121.22601318,0.906042783946263,1066137.0,0.039968411327843,1.0,0.904446404371114,84365.0,1529.2576373207626
13064022,4.125832e-05,108.62358856,0.863091512818134,1031458.0,0.0350692483162416,1.0,0.86161463578382,72113.0,1551.0234115638812
13064023,4.625884e-05,99.20575714,0.861504646835107,1156471.0,0.0362055664755451,1.0,0.861341860306334,75966.0,1509.9768647041567
13064024,7.251692e-05,92.57571411,0.908229827178844,1812923.0,0.0535060278373917,1.0,0.908665627088438,114476.0,1466.7980469736729
13064025,6.589536e-05,84.50774384,1.0,1647384.0,0.043906176415,1.0,1.0,94231.0,1477.398150057991
13064026,4.505824e-05,79.13895416,0.902175459396159,1126456.0,0.0289394364188148,1.0,0.9006568021664,60460.0,1471.9895279884383
13064028,5.41666e-05,70.74456787,0.845216930651928,1354165.0,0.0314669367049507,1.0,0.84091838214931,63961.0,1490.1675295410023
13064029,8.376352e-05,67.45160675,1.0,2094088.0,0.046061406015625,1.0,1.0,95995.0,1471.4266396780456
13064031,7.704032e-05,63.61063385,0.894946212316357,1926008.0,0.0411019698924235,1.0,0.89402738558261,84110.0,1455.1041010789245
13064032,5.087276e-05,60.79127121,0.907372383604052,1271819.0,0.0260965103392754,1.0,0.907061392865809,52552.0,1470.7146221512976
13064052,4.18172e-06,173.00053406,1.0,104543.0,0.00505018530125,1.0,1.0,10114.0,1788.213845386057
13064055,6.505652e-05,143.01852417,1.0,1626413.0,0.06604450402,1.0,1.0,126775.0,1834.80328890477
13064056,5.582028e-05,109.2423172,0.905953465984024,1395507.0,0.0454354775057955,1.0,0.906330273180102,81421.0,1873.1264072528636
13064061,3.51538e-05,76.45492554,0.912052562141271,878845.0,0.0210844854222808,1.0,0.910381838905775,38516.0,1741.3268462376077
13064064,8.455732e-05,72.20487213,0.887276145516134,2113933.0,0.0484098930310281,1.0,0.887622418360281,80935.0,1886.6476870385563
13064065,0.00010051084,66.69539642,0.908062244823411,2512771.0,0.0536306611717272,1.0,0.907042694052025,87171.0,1920.3874176870827
13064066,6.767088e-05,61.13736725,0.914168555937628,1691772.0,0.0334994285127033,1.0,0.915552133375739,54866.0,1888.0003321130084
13064067,4.11884e-06,57.55015945,0.349466868017665,102971.0,0.0019156969057334,1.0,0.347607347607348,3153.0,1869.4783108175625
13064068,5.114728e-05,56.59257889,0.843797271980997,1278682.0,0.0235696808341088,1.0,0.843882961314394,38852.0,1862.742218239115
13064070,9.151608e-05,53.57090759,0.908760944820329,2287902.0,0.0401367276738485,1.0,0.908387185480545,66216.0,1850.2261920250808
13064075,0.00010728248,49.28636551,0.907204821336315,2682062.0,0.0438316158711563,1.0,0.884117097099285,72982.0,1765.1608450387262
13065005,3.082236e-05,250.82373047,0.914649695964151,770559.0,0.0549075214417531,1.0,0.913754771180105,93226.0,2071.1537179792163
13065006,3.86302e-05,173.05247498,0.866892785544265,965755.0,0.0483528532623472,1.0,0.867553980638482,81556.0,2050.784286577835
13065007,4.273564e-05,140.36413574,0.903092085181814,1068391.0,0.0439871688221353,1.0,0.902706321361715,73098.0,2050.6678840000427
13065008,4.526928e-05,122.52091217,0.836588896012971,1131732.0,0.0413100285060625,1.0,0.83674045005825,68481.0,2025.1742289329964
13065009,4.769664e-05,110.01531982,0.851935286687306,1192416.0,0.0395429647388258,1.0,0.850573366134302,65551.0,1998.052115520309
13065013,5.75608e-06,94.59066772,0.578665046640408,143902.0,0.0040870712481483,1.0,0.565371024734982,6929.0,1919.3353257836736
13065014,5.124852e-05,90.48303986,0.856000432274078,1281213.0,0.0359157410630725,1.0,0.858835516739447,59243.0,1963.303717467586
13065015,5.19874e-05,85.73675537,0.846480470105743,1299685.0,0.0347109391879765,1.0,0.846002193827636,57236.0,1945.765157686064
13065016,5.355192e-05,81.1150589,0.849846843406543,1338798.0,0.0341217041576002,1.0,0.847867456050263,56296.0,1924.537177447688
13065017,5.419264e-05,76.03981018,0.846393019854461,1354816.0,0.0326759162575976,1.0,0.844146113019045,54254.0,1893.804437483193
13065018,5.465832e-05,72.83226776,1.0,1366458.0,0.031251442915,1.0,1.0,52527.0,1894.6872073180284
13065019,6.865212e-05,69.55791473,0.87372693433451,1716303.0,0.038435181609394,1.0,0.870021307982298,63853.0,1861.7157560076428
13065020,6.658432e-05,66.17012787,1.0,1664608.0,0.035326009554375,1.0,1.0,59138.0,1862.5473335828904
13065021,6.72142e-05,63.19110107,1.0,1680355.0,0.03424552501,1.0,1.0,57715.0,1839.790048314647
13065022,3.941964e-05,60.72900009,0.89096972856482,985491.0,0.0197766545734151,1.0,0.888992435040018,32609.0,1831.244902075632
13065046,4.772524e-05,230.83273315,0.913303321600595,1193131.0,0.0796057162067225,1.0,0.914056512186398,143236.0,1924.38227952645
13065047,4.275256e-05,145.91978455,0.858360227741826,1068814.0,0.0457886455879725,1.0,0.858500482212325,79496.0,1962.194228139055
13065049,6.447688e-05,107.10572052,0.910086136403437,1611922.0,0.0520547012183958,1.0,0.908783506844823,88890.0,1939.463994839935
13065050,6.989648e-05,93.46504211,0.870846842335095,1747412.0,0.0498371919645574,1.0,0.868813363236891,85810.0,1898.8529278936965
13065051,1.96986e-05,79.33310699,0.386284735736119,492465.0,0.0121560153173258,1.0,0.384634652544192,20943.0,1857.5127429000281
13065052,5.63378e-05,74.721138,0.866081071836098,1408445.0,0.0331405785475358,1.0,0.867061994609164,56437.0,1866.8570024998228
13065053,7.306184e-05,68.73072815,0.857385196959044,1826546.0,0.0395469579849804,1.0,0.85579575341587,66904.0,1872.9389495766798
13065055,6.435192e-05,61.76052856,1.0,1608798.0,0.0310006665,1.0,1.0,53496.0,1857.339143604585
13065056,8.211384e-05,58.65076447,0.893357662737607,2052846.0,0.0384698165918723,1.0,0.891642492056914,64689.0,1857.6547417760878
13065058,6.08514e-05,54.11000061,0.867507856216715,1521285.0,0.0265757556441497,1.0,0.868618985289234,44624.0,1847.0367049542685
13065059,6.490788e-05,52.29000092,0.870827983872019,1622697.0,0.0274080745903594,1.0,0.868535214455468,46212.0,1831.2868335276312
13065060,9.695e-05,50.56090927,0.869225175920315,2423750.0,0.0399997891272524,1.0,0.86928852433725,67755.0,1808.810198039347
13066021,5.21754e-05,77.7616272,0.84209127150641,1304385.0,0.0305225314578189,1.0,0.840055323275519,53070.0,1906.6490901452978
13066022,5.41308e-05,70.82336426,0.849825230492364,1353270.0,0.0290501958685371,1.0,0.846764098920803,50251.0,1900.4179079629357
13066023,5.547892e-05,64.79204559,0.859912811315606,1386973.0,0.0275123089108882,1.0,0.855065606289468,47152.0,1895.110764660863
13066024,5.618608e-05,60.53538513,0.82290109202278,1404652.0,0.0262796917667455,1.0,0.821215453676828,45551.0,1862.9002916658376
13066025,5.787252e-05,56.88758469,0.845418464801964,1446813.0,0.0256270010968531,1.0,0.8429126765905,44617.0,1839.2484055147297
13066026,5.906024e-05,53.43454361,0.863097979126705,1476506.0,0.0248255409095892,1.0,0.861844242325808,42598.0,1849.4253072851545
13066027,5.947488e-05,51.78272629,0.843409506341973,1486872.0,0.0244095133242871,1.0,0.841720811977885,41856.0,1835.8210539251172
13066028,5.957964e-05,49.95182037,0.837801917967031,1489491.0,0.0238080161327327,1.0,0.838199237663542,40813.0,1823.8814029380098
13066029,5.998776e-05,48.04182053,0.843251634642337,1499694.0,0.0231202704168246,1.0,0.84169834693093,39582.0,1816.869182244623
13066030,6.080044e-05,46.47545242,0.879352844118557,1520011.0,0.0228467231351039,1.0,0.879556875285519,38637.0,1828.8063214597612
13066031,6.124544e-05,45.20363617,0.883958410951472,1531136.0,0.0225127718530889,1.0,0.884733678176989,38128.0,1816.869943142949
13066033,6.182648e-05,44.44454575,0.866316461361289,1545662.0,0.0224302758566289,1.0,0.864564729587397,37895.0,1809.1394247687767
13066034,6.569116e-05,43.15272522,1.0,1642279.0,0.022889828325,1.0,1.0,39033.0,1815.6127999788996
13066100,3.616e-07,74.55057526,0.0892889061354023,9040.0,0.0002250465983739,1.0,0.0874651810584958,326.0,2025.067605229451
13066105,3.62884e-06,63.89871979,1.0,90721.0,0.0018766301925,1.0,1.0,3279.0,1767.9035553731596
13068023,2.590084e-05,116.217659,0.899453264067787,647521.0,0.0224373080404473,1.0,0.899631816300298,41548.0,1811.5989570723086
13068028,1.239612e-05,74.63253784,0.896376732614694,309903.0,0.00767174921889,1.0,0.894134956196081,13639.0,1691.5465738895928
13068057,1.995116e-05,440.02182007,0.910775524533549,498779.0,0.0628874843733426,1.0,0.910070665926063,118228.0,1854.9226111235307
13068058,2.832976e-05,310.72412109,0.9180274876126,708244.0,0.064281838703996,1.0,0.916797958154777,116837.0,1881.0287240214955
13068059,3.38782e-05,251.7961731,0.918376177992183,846955.0,0.0637489475296275,1.0,0.919024801137944,115990.0,1839.9055722033509
13068060,3.55596e-05,209.48956299,0.920609330276236,888990.0,0.0463065200664141,1.0,0.757481481481482,107743.0,1422.220225332009
13068084,3.37768e-06,317.21704102,0.871015919299822,84442.0,0.0075585150195003,1.0,0.869242043551089,17106.0,1562.720051212439
13068085,2.571052e-05,297.44073486,0.907852068271465,642763.0,0.054402689961162,1.0,0.906837952660328,117052.0,1631.4999931693087
13068086,3.08138e-05,231.56726074,0.886187451785975,770345.0,0.0517953623785798,1.0,0.885607252934619,108412.0,1644.374140441954
13068087,4.26366e-05,193.19367981,0.908843592031255,1065915.0,0.0608064152747398,1.0,0.909070969534352,124621.0,1652.847922699828
13068088,5.147676e-05,164.09176636,0.910875548422329,1286919.0,0.0639064683145414,1.0,0.911762639462665,130143.0,1624.2016136344675
13068090,6.626084e-05,140.94252014,0.8785567179118,1656521.0,0.0722286057430368,1.0,0.87781416414877,145408.0,1604.292147643862
13069001,0.0001050146,121.66959381,0.911493275115045,2625365.0,0.100880220390703,1.0,0.910905017921147,203310.0,1570.119237195645
13069002,5.008444e-05,106.95636749,0.896677734368702,1252111.0,0.0429227471022342,1.0,0.89624802568957,85982.0,1556.8033553663104
13069003,3.011296e-05,100.49150085,0.886420002197833,752824.0,0.0245646943100358,1.0,0.883528081417263,49496.0,1523.468557568158
13069004,5.776632e-05,94.34790039,0.901285781809921,1444158.0,0.044827483835361,1.0,0.900924188590363,90267.0,1508.8416665664754
13069005,4.803212e-05,88.81333923,0.913037435107667,1200803.0,0.0352394398283322,1.0,0.91172552924593,70790.0,1504.366252895955
13069007,5.442884e-05,79.83827209,0.858975608849104,1360721.0,0.0365632135646869,1.0,0.858616319729647,73413.0,1479.1954136204436
13069008,5.175456e-05,75.99324799,0.890706778099896,1293864.0,0.0332778109180282,1.0,0.891340936326058,66395.0,1481.9629852581043
13069013,2.57902e-05,330.78182983,0.899287149755962,644755.0,0.0617516086037561,1.0,0.899013088631841,132353.0,1610.9060079821236
13069014,3.484364e-05,249.69311523,0.88813001249034,871091.0,0.064692255915388,1.0,0.887457903599242,134870.0,1611.4838301045854
13069016,3.593064e-05,194.78987122,0.919289786217528,898266.0,0.0532045437311402,1.0,0.91709068889244,109421.0,1595.2564228063134
13069017,4.055872e-05,169.91882324,0.896801859431359,1013968.0,0.0534531152523107,1.0,0.895818291964382,108367.0,1588.1521850121917
13069018,4.13182e-05,152.83479309,0.919591423719527,1032955.0,0.0495864859750706,1.0,0.919300759684368,100479.0,1570.6920227758196
13069020,9.23936e-06,135.85876465,0.90767724414366,230984.0,0.0099794272115854,1.0,0.909128028309591,20120.0,1562.1947800999494
13069021,4.996788e-05,129.6177063,0.918446947150432,1249197.0,0.0518304290005522,1.0,0.916659303373566,104103.0,1552.3365928979908
13069022,5.2483e-05,120.96968842,0.918143821246634,1312075.0,0.0515167785659873,1.0,0.917359439458071,102855.0,1541.8375998432552
13069023,5.27786e-05,112.84539032,0.917680910249768,1319465.0,0.0488621938495421,1.0,0.917648484396555,98722.0,1508.1773239982367
13069024,2.068656e-05,104.75473022,0.909551811373964,517164.0,0.0179241986185449,1.0,0.909522606718868,36370.0,1489.5143192452167
13069026,4.691936e-05,101.31890869,0.916754879558701,1172984.0,0.0395261982239257,1.0,0.915228262623004,79721.0,1488.284800414455
13069027,3.137892e-05,96.9307251,0.912793176614431,784473.0,0.0255468017238398,1.0,0.913245237188899,50667.0,1501.5137125035017
13069030,5.86908e-05,88.14009094,0.912427168223152,1467270.0,0.0437697521334227,1.0,0.911555504342087,87320.0,1479.6354055898612
13069031,9.54368e-06,81.1150589,0.878583272683723,238592.0,0.0065745462367011,1.0,0.876448929496795,13166.0,1466.3822641537008
13069035,5.851216e-05,79.14925385,0.909453480416055,1462804.0,0.0395124413656733,1.0,0.908207631392828,78598.0,1471.0455705930383
13069036,3.146156e-05,74.92652893,0.900563677814793,786539.0,0.0202626892105258,1.0,0.903325564718537,40553.0,1457.681903941347
13069066,3.174516e-05,329.38778687,0.913764032042237,793629.0,0.0774409059265793,1.0,0.913106162118154,161911.0,1613.3770712083517
13069067,4.017504e-05,267.6708374,0.915367583934817,1004376.0,0.0812421486179265,1.0,0.914682681275972,167006.0,1608.5710096767625
13069068,3.990564e-05,219.51330566,0.915140975910904,997641.0,0.067458176368589,1.0,0.915393139876706,138420.0,1582.5445544408528
13069069,1.337924e-05,190.68557739,0.895020395598719,334481.0,0.0197803486664294,1.0,0.892817630658937,40734.0,1561.9317957611947
13069073,5.553404e-05,159.6781311,0.914087368044297,1388351.0,0.0704774357727356,1.0,0.913902898772225,143802.0,1541.3176070523118
13069074,7.1016e-07,143.0693512,0.527254065478377,17754.0,0.000817608876148,1.0,0.527800161160355,1661.0,1530.815222273642
13070006,1.114016e-05,298.81066895,0.921609486614753,278504.0,0.0244903788475597,1.0,0.920741581817843,49934.0,1665.029759930041
13070008,3.813388e-05,275.09368896,0.934143844831076,953347.0,0.078582621870456,1.0,0.934441087613293,158207.0,1658.2274718367835
13070010,4.638792e-05,230.79556274,0.925773332732325,1159698.0,0.0819919258104547,1.0,0.92540466803081,167318.0,1599.0303896884855
13070011,3.023132e-05,196.78749084,0.933744027451534,755783.0,0.046352893667428,1.0,0.932929868990409,93892.0,1582.6583668532853
13070012,5.112536e-05,181.7830658,0.916816490489449,1278134.0,0.0733385869001676,1.0,0.916268224467142,147737.0,1571.7401420468066
13070014,9.07e-06,168.37336731,0.885099225696701,226750.0,0.0121007901824167,1.0,0.885415536017946,24810.0,1539.3915779779886
13070015,1.64456e-06,161.91920471,0.764606046409913,41114.0,0.002128222796407,1.0,0.770764119601329,4325.0,1551.6213367377804
13070016,4.179976e-05,152.78977966,0.910168406169593,1044994.0,0.0512138973381381,1.0,0.910296705509495,104338.0,1530.4770040767087
13070017,4.4367e-05,142.46369934,0.910052419978012,1109175.0,0.0511516399018612,1.0,0.910154964938101,105489.0,1498.1180894176543
13070018,1.310736e-05,133.42913818,0.885368949411386,327684.0,0.0141807284548563,1.0,0.881461484185661,29077.0,1497.0467899518349
13070019,1.94448e-06,131.34509277,0.743741461568122,48612.0,0.0020824835482276,1.0,0.741130820399113,4354.0,1461.3081191617605
13070020,4.374944e-05,130.98518372,0.884685420075983,1093736.0,0.0471025088685475,1.0,0.883594137873968,96422.0,1483.9610467390964
13070021,8.7588e-06,119.10153961,0.87231298686904,218970.0,0.0086568796541937,1.0,0.871314741035857,17772.0,1465.7787211481327
13070022,4.86764e-05,119.01013947,0.908835074125543,1216910.0,0.0483565605863954,1.0,0.909601657840203,99039.0,1463.532400586543
13070024,8.59212e-06,107.39605713,0.873504180519289,214803.0,0.0077492408010705,1.0,0.875078253941153,15504.0,1490.6195877189784
13070025,4.795192e-05,108.59421539,0.907341455462451,1198798.0,0.0438023992307124,1.0,0.907777570209851,87782.0,1483.7335741700026
13070026,4.639256e-05,102.49031067,0.906789177373376,1159814.0,0.0401645892586858,1.0,0.90542267458298,80359.0,1477.003998080836
13070027,4.258928e-05,98.38780212,0.906601288213561,1064732.0,0.0357111330802632,1.0,0.908400254939452,71571.0,1466.5787773653853
13070057,4.335052e-05,177.78213501,0.906709430857375,1083763.0,0.0585601564519199,1.0,0.906739957983857,287930.0,669.1910774496005
13070058,4.960128e-05,156.06265259,0.906995412389622,1240032.0,0.0597101044235418,1.0,0.906262022064755,292982.0,659.9934538311786
13070059,1.50058e-05,142.91394043,0.844671365678298,375145.0,0.0166855816918962,1.0,0.844457479212974,82050.0,653.2586747356476
13070060,1.790128e-05,133.67643738,0.79521374854149,447532.0,0.018825127352014,1.0,0.797497342654925,92231.0,650.5001544701723
13070061,4.0446e-06,128.09992981,0.682223189141357,101115.0,0.0040841327498195,1.0,0.682646839223494,20093.0,645.0439410237072
13071003,4.768604e-05,115.72172546,0.907597426697102,1192151.0,0.0442615324623689,1.0,0.907327998009252,204872.0,673.1852897860738
13071004,4.360612e-05,109.97642517,0.907894817533437,1090153.0,0.0388781223131574,1.0,0.908831923146492,181057.0,662.8568813145695
13071005,4.4375e-05,106.10639191,0.908618282621057,1109375.0,0.0386134304639714,1.0,0.909308542266666,176605.0,667.0320878512174
13071006,1.224488e-05,102.5417099,0.652409748134132,306122.0,0.0103573687713172,1.0,0.653468000169274,46848.0,671.1319678669599
13071008,1.877188e-05,99.91681671,0.902002097321564,469297.0,0.0155029859560675,1.0,0.901783714157706,64714.0,724.4075418396552
13071009,1.680768e-05,94.8559494,0.908957586126118,420192.0,0.0132254410651278,1.0,0.907259177477229,23175.0,1716.6444884038403
13071010,4.758076e-05,96.53651428,0.894304700433405,1189519.0,0.0383294940782943,1.0,0.892929837568242,66462.0,1725.128351137409
13071011,4.958512e-05,92.20684814,0.914058941822841,1239628.0,0.0382789486089783,1.0,0.912548791628602,66165.0,1724.6784239109043
13071012,5.61276e-05,88.57400513,0.906745007333268,1403190.0,0.0419416217706151,1.0,0.907116445184821,72091.0,1724.72390006267
13071028,3.910208e-05,187.32159424,0.916035780016456,977552.0,0.0532597517598787,1.0,0.917287848374504,91270.0,2009.0598114155143
13071029,3.649772e-05,175.18563843,0.911976362430209,912443.0,0.0470401703703982,1.0,0.912443984832816,79707.0,2006.4595597890263
13071031,4.36336e-05,163.28526306,0.918307038002299,1090840.0,0.0532576458100034,1.0,0.918013298408221,91420.0,1947.726116614305
13071032,4.822664e-05,148.16281128,0.916330915809821,1205666.0,0.0542628371320133,1.0,0.916228945787219,94848.0,1883.1708143241406
13071033,4.546468e-05,138.60960388,0.916933369076764,1136617.0,0.0484101347055282,1.0,0.914782987055368,84405.0,1862.1711618599525
13071041,7.052128e-05,117.25231171,0.91980152450642,1763032.0,0.0655590549736594,1.0,0.92034002710361,112285.0,1842.1035995279228
13071042,3.50882e-05,109.27188873,0.918731124510654,877205.0,0.0307385850914804,1.0,0.918912559503339,51019.0,1879.1582897618453
13071043,5.205604e-05,105.7465744,0.921722724236879,1301401.0,0.0443745471566141,1.0,0.920658832981822,73576.0,1868.2702561142264
13071045,5.895332e-05,99.53673553,0.919665211304756,1473833.0,0.047854649918393,1.0,0.919685533859769,79339.0,1849.0750739435568
13071046,2.543904e-05,95.56725311,0.914088814937291,635976.0,0.0200021867731275,1.0,0.914976577183091,32855.0,1851.69707408619
13071048,2.989304e-05,95.46478271,1.0,747326.0,0.023021140471875,1.0,1.0,39375.0,1811.8936940579924
13071050,6.418632e-05,89.92288971,0.872932082788055,1604658.0,0.0479339368382253,1.0,0.871377208751699,79486.0,1812.1236949221343
13071051,1.629004e-05,86.71952057,0.919991495631555,407251.0,0.0118241419136061,1.0,0.921070298264122,19447.0,1818.1737296879155
13071055,5.146664e-05,83.82226562,0.818487435581428,1286666.0,0.0363086339256057,1.0,0.818845892735913,60130.0,1794.4203018775272
13071064,2.873476e-05,273.0335083,0.905536466837328,718369.0,0.0573248023883139,1.0,0.905498816251058,105161.0,1865.0512378468106
13072001,3.218016e-05,221.40936279,0.915275462258907,804504.0,0.0522653009869437,1.0,0.915431482221334,91996.0,1936.5524756675532
13072002,3.735136e-05,195.58761597,0.912828759179479,933784.0,0.0543257767214589,1.0,0.91145273313766,94430.0,1931.1794387841567
13072003,4.215388e-05,178.38838196,0.917953312700976,1053847.0,0.0567183100305532,1.0,0.916971156115753,97459.0,1926.8914976171716
13072004,2.819392e-05,164.43032837,0.913452595702057,704848.0,0.0353713360744823,1.0,0.914684849492766,60811.0,1908.4497181116424
13072005,4.330788e-05,156.00341797,0.912336123806846,1082697.0,0.0520405715001229,1.0,0.911154985192497,88883.0,1897.8405737197559
13072006,9.83408e-06,145.453125,0.90824160242837,245852.0,0.0110813276997342,1.0,0.906557136570339,18852.0,1893.3598390657216
13072007,4.336248e-05,142.09213257,0.915511568555272,1084062.0,0.0482018142011075,1.0,0.916025434015211,82586.0,1866.2138900750033
13072008,5.266152e-05,129.37554932,0.914174264294241,1316538.0,0.0538267305500439,1.0,0.912622901976363,92163.0,1844.978777031838
13072009,4.508116e-05,122.62012482,0.896841716859357,1127029.0,0.0442971080703535,1.0,0.898721883842502,75233.0,1840.7634413272226
13072010,4.1926e-05,116.85871124,0.914520349511772,1048150.0,0.0393937789503115,1.0,0.915542957785239,66802.0,1835.6100162120943
13072011,4.619968e-05,111.5398941,0.912846497567318,1154992.0,0.0417950623601246,1.0,0.913743089430894,70555.0,1827.7119846488629
13072014,2.657452e-05,106.97196198,0.901241676925809,664363.0,0.0231949325787783,1.0,0.899747010119595,39307.0,1805.0309180872869
13072015,3.16568e-05,102.26999664,0.902385975161235,791420.0,0.0266364725517552,1.0,0.903435506269246,45072.0,1797.8491587447386
13072016,6.910832e-05,98.48894501,0.915187293492963,1727708.0,0.0562694506701669,1.0,0.915825240844064,95108.0,1790.372537678203
13072017,4.957744e-05,94.06206512,0.913840890874874,1239436.0,0.0388240788747052,1.0,0.915729069734653,65186.0,1792.1761654627715
13072018,4.99626e-05,89.82949829,0.913084597027762,1249065.0,0.0375614118503098,1.0,0.913867318151412,63087.0,1780.0666645306292
13072019,2.508512e-05,87.43017578,0.910545560178101,627128.0,0.0183650962042307,1.0,0.908663991677812,30792.0,1776.974854342001
13072020,3.196416e-05,84.90306091,0.909913641834699,799104.0,0.022871803186812,1.0,0.911799620132953,38630.0,1759.9534245388165
