run,sampled_lumi_VPDMB,prescale_VPDMB,lifetime_VPDMB,nevents_VPDMB,sampled_lumi_JP2,prescale_JP2,lifetime_JP2,nevents_JP2,JP2_weight
13048009,2.3757542646527e-07,19035.40039062,0.848123105309077,5939.0,0.0395371256223484,1.0,0.903224702177187,105540.0,1140.762308483108
13048010,4.13913371651174e-08,18213.0,0.851827566469591,1034.0,0.0065931090170159,1.0,0.901679421768708,17294.0,1152.675439472358
13048011,2.39200886257835e-07,17032.80078125,0.855821718223316,5980.0,0.036188604528442,1.0,0.910116417201235,96125.0,1126.8459370266348
13048012,2.38773432574561e-07,16702.40039062,0.859613342301993,5969.0,0.0356586850172073,1.0,0.913892210948652,95107.0,1114.4480142776858
13048013,2.34897360365171e-07,15781.59960938,0.842508042653101,5873.0,0.0334888268135014,1.0,0.896269070036755,89354.0,1103.4721502935906
13048014,2.33595435930474e-07,15748.40039062,0.776801942802706,5839.0,0.0333607557960844,1.0,0.827949517334636,88523.0,1107.165014024242
13048015,2.34658764315139e-07,15019.0,0.802395243576891,5866.0,0.0320104178694981,1.0,0.851183558627439,83806.0,1115.1745355667322
13048016,2.34865093728884e-07,14483.59960938,0.847810009997594,5871.0,0.0311925907627799,1.0,0.901934659810388,82241.0,1099.9596266837943
13048017,6.52476190048857e-08,14138.0,0.856414793043262,1631.0,0.0084388662256168,1.0,0.906811966520262,22211.0,1099.2764103908662
13048018,2.34374694357969e-07,13206.79980469,0.856381499839321,5860.0,0.0286517838690095,1.0,0.909825658055379,74807.0,1099.1168746588935
13048019,1.18786635253779e-07,13042.20019531,0.819360702185998,2969.0,0.0162410649161582,1.0,0.689865028842384,37243.0,875.397701710472
13048030,1.78230308341034e-07,26372.59960938,0.842336540744673,4455.0,0.0373032772377166,1.0,0.89923019225455,114447.0,1095.9266199236035
13048031,2.05780568753769e-07,24023.80078125,0.849773494342811,5144.0,0.0396768560974515,1.0,0.907044429532296,116720.0,1130.115362494233
13048032,3.62926836177903e-08,22184.80078125,0.842848700848522,907.0,0.0064567571427112,1.0,0.892376905773557,18292.0,1164.6631328322612
13048040,2.42767271039599e-07,20723.40039062,0.853355734266215,6069.0,0.0413728191473437,1.0,0.90907201237206,109702.0,1221.3265164976144
13048041,1.51744218212525e-07,19603.59960938,1.0,3553.0,0.021714514745,1.0,1.0,59862.0,1163.5359562347924
13048042,2.43140673053935e-07,18919.40039062,0.852320453440918,6078.0,0.0385132085406556,1.0,0.907733261577789,94848.0,1291.2050776626882
13048043,1.43950421096056e-07,17992.0,0.833142289042523,3598.0,0.0218287059202918,1.0,0.886220611186628,53184.0,1294.739121956239
13048044,3.53618081143293e-08,17517.40039062,0.847920917545117,884.0,0.0052697572820613,1.0,0.905223989493652,12783.0,1293.2718910076087
13048045,5.5595382671248e-08,17487.40039062,0.850475690445331,1390.0,0.0082645277521478,1.0,0.9054226766478,20130.0,1285.5404368511468
13048049,2.36358161443043e-07,16172.79980469,0.838828368854789,5908.0,0.0328944110143904,1.0,0.88914764278842,81681.0,1239.9535690089401
13048050,2.34018315778554e-07,15720.79980469,0.858633546181008,5850.0,0.0319957450344144,1.0,0.912479038090784,80329.0,1216.6710857853498
13048051,2.64342020002815e-07,15174.20019531,0.842779285852361,6608.0,0.0353100811725508,1.0,0.897836281700457,88550.0,1206.3423563527047
13048052,2.36496478688558e-07,14392.40039062,0.792802152956429,5912.0,0.0300871087163688,1.0,0.843916390644253,74938.0,1208.6488987119596
13048053,2.34845124745814e-07,14301.20019531,0.841708371017948,5871.0,0.0297189582556061,1.0,0.891196930884192,73668.0,1206.751154382105
13048087,2.11237183019266e-07,28802.19921875,0.838758801463032,5281.0,0.0496822427737891,1.0,0.894682974548621,158932.0,1020.8514533771497
13048088,2.17660386064945e-07,25491.59960938,0.841465353908873,5442.0,0.0455900897603651,1.0,0.897078853666125,130294.0,1135.0776936327195
13048089,2.24569022266518e-07,23563.0,0.845919367512884,5614.0,0.0440149528560253,1.0,0.901392799489432,120223.0,1172.4667805924387
13048090,2.267475017177e-07,22041.59960938,0.852825793894618,5669.0,0.0420073719745006,1.0,0.908899914346203,112906.0,1179.4737497814515
13048091,2.25910894035604e-07,20843.0,0.823794246691828,5648.0,0.039913359525236,1.0,0.875737055082996,106043.0,1180.1246526697025
13048092,2.17209511285623e-07,19805.59960938,0.782056371873368,5430.0,9.24934967393277e-06,1.0,0.0002089754927388,98355.0,0.2921787865312904
13048093,5.25524567025525e-08,18398.19921875,0.776847700186476,1314.0,0.0013069974856994,1.0,0.1289972899729,22044.0,182.10630489355495
13049006,2.50332295446951e-07,23538.40039062,0.77132289413978,6258.0,6.3064786038737e-05,1.0,0.0009855711886614,186071.0,1.0115458908247215
13049007,9.313921759245951e-09,20730.40039062,0.296261810926358,233.0,3.78126753062583e-08,1.0,6.91464035983626e-06,7058.0,0.01597260974634843
13049031,2.22173994450224e-07,14863.0,0.853614341595187,5554.0,0.0302729176393352,1.0,0.907641953986226,85449.0,1027.2076087384082
13049032,1.01444680374943e-07,14483.0,0.852827352141867,2536.0,0.013482530461696,1.0,0.907553858740115,36889.0,1059.5517776116183
13049035,2.28142871233704e-07,14219.0,0.802407535935926,5704.0,0.0297164069246198,1.0,0.850315744407578,79711.0,1078.2402389825152
13049039,2.31255127083031e-07,13167.0,0.859798492940303,5781.0,0.0282326725260475,1.0,0.911999799857398,73190.0,1103.1539420593444
13049041,5.19935650724212e-08,12541.79980469,0.853034497688151,1299.0,0.0060759336104331,1.0,0.906202723146747,15846.0,1092.2149874964118
13049042,1.91003727828504e-07,12255.20019531,0.843307224346287,4773.0,0.0219222611232389,1.0,0.894522350223021,55959.0,1108.7848285082769
13049044,1.75832212959067e-07,11771.79980469,0.701711962352281,4396.0,0.0194279099749442,1.0,0.743891076312705,49709.0,1103.610931924427
13049045,2.32229220192574e-07,11388.59960938,0.854604417984989,5805.0,0.024878946761637,1.0,0.907033569632481,64090.0,1094.8144082330684
13049046,2.32033919634868e-07,11391.40039062,0.857029831156459,5801.0,0.0249659329087698,1.0,0.909814361986891,63117.0,1111.4514154844844
13049047,2.33729300477491e-07,10984.20019531,0.802722945106435,5842.0,0.0242463968865408,1.0,0.849610411372078,61048.0,1112.5324838258368
13049048,1.9621878746412e-07,10929.79980469,0.862052672101382,4905.0,0.0203591126829679,1.0,0.914504919216536,50856.0,1118.3075685089532
13049049,1.90297675429102e-07,10370.20019531,0.671994208809604,4757.0,0.0185292607008128,1.0,0.696632578196356,46704.0,1094.9756573190557
13049072,2.1588544609334e-07,29515.0,0.838875144578655,5397.0,0.052895713331335,1.0,0.895247273339146,176336.0,964.0507589257779
13049073,2.30749954361312e-07,25325.59960938,0.835449200813807,5769.0,0.0488309840285921,1.0,0.893204183753626,144919.0,1077.8681711323907
13049080,2.37972099974993e-07,21718.80078125,0.84087564172295,5949.0,0.0443023741018559,1.0,0.89774946353923,121333.0,1136.9052107324444
13049081,2.36284976136794e-07,20657.80078125,0.837542281706089,5907.0,0.0420001688260659,1.0,0.892486373750766,115217.0,1128.5721948179837
13049082,2.72211675115993e-07,19537.19921875,0.821285032659314,6805.0,0.0462867749088771,1.0,0.877851087848213,125570.0,1131.7004373843752
13049093,2.35391295126929e-07,15768.40039062,0.817492047861421,5884.0,0.033108520466772,1.0,0.868730724316555,87348.0,1128.7791589903836
13049094,2.35415548644661e-07,15259.0,0.839009388403635,5885.0,0.0322696607098041,1.0,0.892456564767979,85412.0,1118.3401494464852
13049096,9.29705885747391e-08,14758.20019531,0.816647041097281,2324.0,0.0123737842429502,1.0,0.870127353266888,31513.0,1159.6533849168989
13049098,2.35932907396601e-07,14173.59960938,0.841061854761133,5898.0,0.0302247553800959,1.0,0.89281295172015,77480.0,1145.322682001945
13049099,2.30430434318404e-07,13679.79980469,0.822875335669833,5760.0,0.0287588234543112,1.0,0.876905254071735,77497.0,1083.5175782043655
13049101,2.31274544692585e-07,13133.40039062,0.839026547657832,5781.0,0.0278269041752422,1.0,0.893196886710868,74607.0,1083.3582002038245
13050001,1.85264397160997e-07,12939.40039062,0.82247881118445,4632.0,0.0219624932412849,1.0,0.871185248608648,57229.0,1109.3084976096752
13050006,2.60339047159019e-07,30563.59960938,0.725665451855104,6508.0,0.0606361468462356,1.0,0.708758376718006,261967.0,741.5957236180386
13050009,1.90628296676978e-07,22109.40039062,0.858704190248242,4766.0,0.0353331975179846,1.0,0.916439071062016,105855.0,1062.3793987423285
13050011,2.43128796128552e-07,20739.0,0.856604872359198,6078.0,0.0427786976563316,1.0,0.914830660067975,123161.0,1093.0385315370802
13050012,2.452773274324e-07,19734.0,0.859031151767315,6132.0,0.0413822716275324,1.0,0.916358276608053,116027.0,1112.5373507372828
13050015,2.46338033246795e-08,18039.19921875,0.838709958018082,616.0,0.0038298597793573,1.0,0.888764432190246,10730.0,1097.4206086733093
13050016,3.83624382543358e-08,17793.80078125,0.836507677403273,959.0,0.0059190744770671,1.0,0.889523498694517,16723.0,1085.0771936224544
13050020,2.44263180286772e-07,16672.80078125,0.855567318738406,6107.0,0.0355957802231218,1.0,0.910240540939994,98880.0,1095.5444695478977
13050022,2.42899184901081e-07,16215.40039062,0.840828936018026,6072.0,0.0345467271141676,1.0,0.893282380956863,95290.0,1097.724182834704
13050023,2.4367005184082e-07,15598.40039062,0.80607341746979,6092.0,0.0336680439220661,1.0,0.859798716675579,90370.0,1121.599661503186
13050028,1.53707259447545e-07,14637.79980469,0.858732557416043,3842.0,0.0201136757631464,1.0,0.912788541353915,51984.0,1149.9414287269442
13050029,2.18532990288603e-07,14252.79980469,0.851517659299559,5481.0,0.0281095228370441,1.0,0.904503958908104,73308.0,1131.9452697537056
13050031,6.75340341833965e-08,13625.59960938,0.855609260671487,1689.0,0.0082927523830716,1.0,0.906961149993714,21892.0,1114.3279938038495
13050032,2.43326629072722e-07,13231.20019531,0.8584221824443,6083.0,0.0291319212288154,1.0,0.913295578787023,74614.0,1147.643913683909
13050036,2.44005933742963e-07,12595.20019531,0.846629116868912,6100.0,0.0278934436072762,1.0,0.897829660876547,70734.0,1151.880536598327
13050037,9.61234688175018e-08,12301.79980469,0.858983465565448,2403.0,0.0107547464893026,1.0,0.909124529316837,27307.0,1145.742458054316
13050038,2.4404430391849e-07,12067.20019531,0.861701926771594,6101.0,0.026763377455643,1.0,0.90932944606414,68832.0,1128.707328161273
13050041,1.97182770956409e-07,10341.20019531,0.85937359553198,4929.0,0.0188517816861971,1.0,0.912666022267569,51222.0,1056.8250741323193
13051006,2.54845392362134e-07,27709.59960938,0.834254928443952,6371.0,0.0600661378480814,1.0,0.888880228529562,228927.0,821.6470565471126
13051007,2.81356526375686e-07,23384.80078125,0.846913597999679,7033.0,0.055529373161951,1.0,0.904016632192157,171896.0,1021.282372176771
13051008,2.39674519486449e-07,20825.19921875,0.830986993059777,5992.0,0.04239027350365,1.0,0.888511672435378,121128.0,1101.5021124029558
13051009,2.44641216981034e-07,19639.59960938,0.848562596182724,6115.0,0.0409543340952266,1.0,0.905296421870371,110420.0,1160.3480252117524
13051010,2.46132549868824e-07,18832.0,0.857694724639308,6153.0,0.039848511807229,1.0,0.91500563136803,105207.0,1174.978045371897
13051011,2.47455541752157e-07,17905.0,0.802812881538796,6186.0,0.0382538558805615,1.0,0.852760839822306,101318.0,1161.2094165726865
13051012,6.66132312210656e-08,16738.19921875,0.853739818867078,1665.0,0.0097369648818065,1.0,0.90868015108193,26138.0,1134.8438820519539
13051015,2.42485649502944e-07,15944.20019531,0.854502943688155,6062.0,0.0341820444075797,1.0,0.911723820667447,91508.0,1126.9621908348154
13051016,2.41845952200995e-07,15536.40039062,0.845284171197896,6046.0,0.0333571627601281,1.0,0.898060919282967,88561.0,1126.883700666122
13051017,2.41113210372403e-07,14974.59960938,0.857374894092314,6027.0,0.0322930601559373,1.0,0.913732713006633,86081.0,1117.3713158636833
13051019,2.13818951484206e-07,14581.40039062,0.859842626534687,5345.0,0.0279975682825577,1.0,0.913924618606042,73631.0,1125.0650950563781
13051020,2.40331501895444e-07,14263.79980469,0.858031681650424,6008.0,0.0311232086372697,1.0,0.91439881817972,79481.0,1149.0374096191435
13051021,2.15434357881522e-07,13600.0,0.859579394095055,5386.0,0.0267069654380466,1.0,0.915419407894737,67052.0,1163.396199680094
13051022,2.39047492295596e-07,12972.79980469,0.855978316306587,5975.0,0.028315987879127,1.0,0.910522844543303,70669.0,1166.731069612342
13051023,2.39547928691918e-07,13187.40039062,0.859736169297373,5988.0,0.0288897461748002,1.0,0.913127487235921,71633.0,1170.8305946314513
13051024,1.34329997898821e-07,12646.79980469,0.858306491978999,3358.0,0.0155800545746947,1.0,0.911341570007796,38825.0,1161.4182726010647
13051026,2.39132985674978e-07,12500.79980469,0.841864282558269,5978.0,0.0276331548474985,1.0,0.896003145066177,68657.0,1158.4474499430603
13051028,1.38295715543631e-07,12045.59960938,0.831253553224253,3457.0,0.0154223042179893,1.0,0.882518164302793,38237.0,1156.2031015190294
13051069,2.31962454906449e-07,17405.80078125,0.834551104285392,5799.0,0.0337604103447631,1.0,0.890859533372307,117380.0,917.9294589023799
13051070,1.80264050174916e-07,15984.59960938,0.830160530924141,4507.0,0.0242872641739117,1.0,0.888263241245821,71029.0,1085.2585816760081
13051071,2.40326843772439e-07,15521.0,0.838149131423553,6008.0,0.0316188435854419,1.0,0.892313288804907,88676.0,1119.5399345282335
13051072,2.41116851943527e-07,14771.59960938,0.836364702466047,6028.0,0.0304649732465838,1.0,0.891969396920213,82501.0,1151.054313690165
13051073,2.41209888133225e-07,14267.20019531,0.834966582213078,6030.0,0.0297308108947582,1.0,0.892626263769855,79157.0,1161.8961372032907
13051074,2.74985709541154e-07,13791.59960938,0.823354050754953,6875.0,2.38138390777894e-05,1.0,0.0006330843338633,86869.0,0.8392618095096218
13051081,8.00852703391214e-08,12122.20019531,0.852544993717429,2002.0,0.0084006962294284,1.0,0.883196220575059,21908.0,1147.579248404418
13051083,2.3873752800378e-07,11816.40039062,0.843855113538697,5968.0,0.0252299270071475,1.0,0.900108532309234,64918.0,1158.7129833586905
13051084,1.57178203273409e-07,11749.20019531,1.0,3678.0,0.014533055111875,1.0,1.0,39857.0,1084.2150266791325
13051085,2.41839161244036e-07,11665.20019531,0.854172328441256,6045.0,0.025384473411767,1.0,0.910040228193376,65120.0,1153.6901970081076
13051086,2.44170334394149e-07,11244.79980469,0.84718160988204,6104.0,0.0248643208290406,1.0,0.903800937612694,62858.0,1164.9357197684865
13051087,2.02972159627411e-07,11008.40039062,0.8587400852027,5074.0,0.0203047603191557,1.0,0.913411631326283,51769.0,1147.6506466216622
13051091,2.46976261801966e-07,10230.79980469,0.853847299450403,6174.0,0.0231146926241845,1.0,0.907631385068762,59354.0,1131.2419847909737
13051092,2.47055306335014e-07,10042.59960938,0.854054601416164,6176.0,0.0227679271993679,1.0,0.907590044829185,58916.0,1118.7273833697288
13051093,2.48110098403853e-07,9916.20019531,0.858335144172791,6202.0,0.0227190851833405,1.0,0.912332953889816,58724.0,1113.1607509796363
13051099,2.3539706127361e-07,22720.59960938,0.799282469633896,5885.0,0.0016237532045702,1.0,0.031768125104492,150187.0,35.38548967001766
13051100,1.64534017464759e-08,20480.59960938,0.82422648155968,411.0,0.0027314706374575,1.0,0.868823283082077,8740.0,1015.2148073239669
13052001,2.41066175948057e-07,20014.40039062,0.834887900241563,6027.0,0.0400669819509806,1.0,0.893578517221249,122921.0,1050.3214687430095
13052002,2.43464220833228e-07,18771.0,0.848287631457258,6087.0,0.0384047908871399,1.0,0.9085205210723,112461.0,1088.12898026372
13052003,2.43147910027656e-07,17792.80078125,0.834442712000746,6079.0,0.0367460607229779,1.0,0.893599560049071,105693.0,1095.9144538326354
13052004,2.39829782345788e-07,17157.59960938,0.83246292700869,5996.0,0.0353199711774117,1.0,0.892259486261277,103978.0,1060.4811802180411
13052005,1.8854477821035e-07,16736.0,0.852727936985083,4713.0,0.0270846534053074,1.0,0.910142922465442,77982.0,1079.5775439985068
13052009,4.98481614418157e-08,15090.79980469,0.848192452077535,1246.0,0.0065283048159375,1.0,0.899184291505886,18721.0,1064.7694075033469
13052010,2.3949765987757e-07,14938.79980469,0.846142822768288,5987.0,0.0313957887318395,1.0,0.903312399210713,90523.0,1054.7762045474087
13052011,2.35856233908912e-07,14557.20019531,0.846256157523308,5897.0,0.0304774839487514,1.0,0.907058373898701,90537.0,1016.2867839546344
13052012,2.35378811145302e-07,14251.20019531,0.839742668791011,5884.0,0.0298573601462333,1.0,0.899892814528687,89274.0,1006.5692848178193
13052013,2.32769278925712e-07,13834.79980469,0.839936057623623,5819.0,0.0288956811321832,1.0,0.898925530952548,89775.0,959.7172751396173
13052014,2.31396806280768e-07,13102.20019531,0.831327074436407,5784.0,0.027506827495562,1.0,0.891466162603189,83803.0,969.7189620005787
13052015,4.58041436778716e-08,12881.20019531,0.849114094109482,1145.0,0.0053750305410005,1.0,0.905511811023622,16634.0,945.5689207468076
13052016,1.84550558576601e-07,11972.20019531,0.852059359293085,4613.0,0.0202390681971879,1.0,0.908358138575344,61948.0,950.4240026094844
13052017,2.33207161945131e-07,11406.40039062,0.839816614007946,5830.0,0.024680688747178,1.0,0.898077106366756,75662.0,939.8715715228025
13052018,2.35970954795827e-07,10114.79980469,0.852003313036166,5899.0,0.0227071572773202,1.0,0.912486987160665,68625.0,931.1909069168456
13052019,2.38375085745237e-07,9954.40039062,0.829044237286313,5959.0,0.022055063684967,1.0,0.892320844996622,64910.0,983.6038387501819
13052020,2.32737915288293e-07,11782.79980469,0.855151447031505,5818.0,0.0258044871634126,1.0,0.909533273110509,75771.0,962.265140709737
13052036,9.33499899102994e-08,23836.59960938,0.741446362287137,2334.0,0.0186985085070441,1.0,0.796033386114168,59872.0,997.6378812902881
13052037,2.35889675949968e-07,22896.40039062,0.788639600459783,5898.0,0.045367418930454,1.0,0.842185391715524,141418.0,1019.7563339400997
13052039,2.41347092128122e-07,21158.0,0.854696298480534,6033.0,0.0432085351805638,1.0,0.910053064744836,124692.0,1089.9943346964874
13052042,2.29966157559105e-07,19730.40039062,0.850268528937658,5749.0,0.038839880392007,1.0,0.905860028836115,109737.0,1101.2352789617667
13052043,2.31683957072982e-07,18958.40039062,0.849751289809031,5792.0,0.0379796208735141,1.0,0.9051416759969,105549.0,1108.1558682728482
13052045,2.31345656041209e-07,18134.59960938,0.855036407563453,5783.0,0.036453041277163,1.0,0.908981871452115,99649.0,1118.8164242232285
13052046,2.21428176707181e-07,17629.19921875,0.820372001806268,5536.0,0.0337749550084459,1.0,0.862464475158068,93550.0,1096.769237281771
13052047,1.48897460447247e-08,16769.40039062,0.829945607433458,372.0,0.0021698241838747,1.0,0.8728125,5898.0,1112.3130499187312
13052048,2.27769925784385e-07,16540.0,0.834880228350768,5694.0,0.0332571667971856,1.0,0.88823890127218,91606.0,1093.7917955620906
13052050,2.29415228324835e-07,15856.0,0.796573349801559,5736.0,0.0323861897957165,1.0,0.850178739234473,88099.0,1101.834251376712
13052051,2.2979702869936e-07,15715.59960938,0.829612375244961,5745.0,0.0320914323260153,1.0,0.881017572537801,86510.0,1108.317079028233
13052052,2.28977142439332e-07,15176.0,0.81534448602936,5724.0,0.031237409126211,1.0,0.868671166706659,83611.0,1106.8984854928976
13052053,2.05694765260741e-07,14834.40039062,0.51618296661896,5141.0,0.0260090425008397,1.0,0.521581608914856,68654.0,1122.4586609082182
13052056,7.46704627421403e-08,14093.0,1.0,1752.0,0.00845678651,1.0,1.0,23640.0,1044.455837563452
13052057,0.0,13644.59960938,1.0,0.0,0.0,1.0,1.0,0.0,
13052059,0.0,13454.40039062,0.0,0.0,0.0,1.0,0.0,136.0,
13052061,1.04342038286957e-07,13521.0,0.768128346438185,2608.0,0.000813813656356,1.0,0.0518422141326899,33984.0,70.03121385577853
13052088,2.29804335564975e-07,25883.0,0.850241596455362,5745.0,0.0489834868318527,1.0,0.907294742474386,137782.0,1151.6438875943504
13053004,2.30965443798549e-07,23656.80078125,0.852779455840366,5775.0,0.0455016752907005,1.0,0.909222868174215,123839.0,1176.2081538110579
13053005,2.28875277742489e-07,21956.80078125,0.832977412222389,5722.0,0.0421642125509523,1.0,0.887936095917926,115325.0,1161.2933466475129
13053006,2.32813791133744e-07,21141.40039062,0.855714543108312,5820.0,0.0415581693628641,1.0,0.912663719711853,111874.0,1173.0308753295405
13053007,2.31538029801946e-07,19497.59960938,0.851671029540682,5789.0,0.0385694392238364,1.0,0.905859193053688,103452.0,1160.4718971972763
13053012,2.32526596156393e-07,18440.19921875,0.853711549520786,5813.0,0.0370430788146376,1.0,0.909430153527048,98564.0,1158.5260525050317
13053013,1.7114245546771e-07,17849.59960938,0.860023875905224,4279.0,0.0265141892658085,1.0,0.914299732145225,69287.0,1171.9176413696657
13053015,2.30510915325534e-07,17230.0,0.832449786627812,5763.0,0.0345921547488845,1.0,0.885040842436768,90295.0,1169.1640719149525
13053023,1.63748288678348e-07,16087.20019531,0.834068512212111,4094.0,0.0230971883338832,1.0,0.877231353124698,54859.0,1262.67865017376
13053027,2.27337408658551e-07,14297.59960938,0.845845278761597,5684.0,0.0291011215390032,1.0,0.89931092183088,77688.0,1112.1982241158148
13053028,2.28819634501083e-07,14067.79980469,0.787078302058504,5721.0,0.0288217807463962,1.0,0.834140248485652,75772.0,1125.6685007150666
13053029,1.00965712974644e-07,13735.79980469,0.800836627082804,2524.0,0.0124684538296359,1.0,0.807921137138732,32737.0,1068.3891460083432
13054010,2.38016407069446e-07,23515.0,0.857965426548684,5950.0,0.0467767460033473,1.0,0.911850466157214,120871.0,1230.2508412547538
13054023,5.41836409996688e-08,15950.40039062,0.851506345630864,1355.0,0.0078753103682292,1.0,0.906732378649805,19531.0,1178.3590456109305
13054043,2.44470306769157e-07,21602.40039062,0.854799548778544,6111.0,0.0414836172438834,1.0,0.910488183675187,119496.0,1176.7140978835357
13054044,2.44203218731074e-07,20506.19921875,0.849896755383,6104.0,0.0398847068317141,1.0,0.903909154037825,111002.0,1199.2990970154085
13054050,8.73729712163752e-08,18082.19921875,1.0,2050.0,0.01136213102125,1.0,1.0,31566.0,1174.317569487344
13054056,1.05853032959775e-09,17687.80078125,0.0130998598829558,26.0,0.0001399203511376,1.0,0.0129047487901798,732.0,618.8979004227631
13054058,1.97732280729509e-07,17504.40039062,0.825732054966305,4944.0,0.0283672610726246,1.0,0.87015595463138,73949.0,1233.2506343446764
13054060,2.19180451100689e-07,16505.0,0.810192776013521,5479.0,0.0302800833068365,1.0,0.860491786690053,76830.0,1250.0988589516055
13054061,2.17804310980605e-07,15920.20019531,0.837799474325555,5445.0,0.0292438256923171,1.0,0.889783684229533,74054.0,1243.2035494068466
13054062,2.18100677545986e-07,15586.20019531,0.83843086294635,5453.0,0.0290759772819152,1.0,0.889076081648599,73043.0,1233.8683268007392
13054063,2.58742197575492e-07,14870.79980469,0.731378914920526,6469.0,0.0334583747100202,1.0,0.778214652468753,84383.0,1213.0354264230696
13054064,2.57400136043822e-07,14501.79980469,0.837791292928367,6435.0,0.0323360361503873,1.0,0.889994600015429,81067.0,1222.8632235396926
13054065,2.56035033371242e-07,14020.40039062,0.806429937836875,6400.0,0.0313172427205569,1.0,0.856446552828407,79161.0,1203.8232922241036
13054066,1.14759882729204e-07,13713.0,0.828914138141138,2869.0,0.0137580543361371,1.0,0.877341727166574,34897.0,1193.2574896877375
13054068,2.56807512355008e-07,13294.40039062,0.79383651283225,6420.0,0.0300208481950953,1.0,0.840994567488508,72729.0,1243.2494795343507
13054069,2.55393035309076e-07,12934.59960938,0.821139471313703,6384.0,0.0294706435268028,1.0,0.870625496760519,72574.0,1206.3664773977882
13054070,2.54237208892679e-07,12462.40039062,0.793424293397876,6355.0,0.0284764792971697,1.0,0.841587694652126,70933.0,1184.3029470370288
13054071,2.19660890163241e-07,12041.79980469,0.803425560782855,5491.0,0.023766749978766,1.0,0.842327391341669,59108.0,1172.821343469212
13054083,2.292259303351e-07,27863.19921875,0.807448602923841,5730.0,0.0513048448145848,1.0,0.86205713155614,148775.0,1145.7155426065713
13054084,2.35511646013384e-07,25582.0,0.795485221526463,5888.0,0.0489851441915232,1.0,0.846435663474348,134762.0,1189.3144238133166
13054085,2.37427382767493e-07,24025.80078125,0.82669425228326,5936.0,0.047022666451063,1.0,0.878240266932103,125819.0,1204.1870767691044
13055001,2.55955729229837e-07,22618.0,0.813198633262244,6398.0,0.0459491528260593,1.0,0.821811814229522,95739.0,1527.5143147002232
13055004,1.27188922539815e-07,20602.80078125,0.775558140470994,3180.0,0.0222439060308332,1.0,0.823801869057025,60807.0,1144.480027149192
13055006,1.97581757360509e-07,19341.40039062,0.805416724105863,4939.0,0.0327912592378957,1.0,0.855801898697315,88339.0,1149.018616654473
13055007,1.96653253651394e-07,18679.0,0.778044148586038,4916.0,0.0317973214445561,1.0,0.828158255342721,85588.0,1141.9884535051121
13055008,1.98823411941455e-07,18146.0,0.799203769573654,4970.0,0.0316077023214034,1.0,0.854884083862092,83615.0,1153.726343171516
13055009,2.02036365750755e-07,17698.80078125,0.852607426529845,5051.0,0.0312555032944861,1.0,0.903959455903719,79332.0,1194.737917150603
13055010,2.03059745803579e-07,17082.40039062,0.839279103582586,5076.0,0.0304888097747433,1.0,0.891492974783661,77019.0,1195.870492110804
13055011,2.03579074687902e-07,16467.59960938,0.780071916242413,5090.0,0.0296929033364658,1.0,0.82960235309967,74197.0,1201.4261151086293
13055014,3.10265908584999e-08,15573.0,0.528737698869623,776.0,0.0041938281416368,1.0,0.546283095723014,11023.0,1132.691607492416
13055016,2.00903961115678e-07,14846.79980469,0.781391562072697,5023.0,0.0267983298359951,1.0,0.828051966729787,69444.0,1138.02074299197
13055017,2.02913903190522e-07,14280.0,0.793295357260266,5072.0,0.026197659513478,1.0,0.842041187702639,65879.0,1166.9678103438484
13055018,2.02566372183825e-07,13857.20019531,0.837484557347912,5064.0,0.0254238486052065,1.0,0.88782538307511,62782.0,1184.9084359184226
13055019,2.03319872200252e-07,13599.0,0.793917025538132,5083.0,0.02515779941084,1.0,0.840301349449458,61175.0,1195.950076576529
13055020,2.04057240518701e-07,13253.79980469,0.804324017505344,5102.0,0.0247210710975671,1.0,0.852154945039278,59970.0,1194.6325486146977
13055021,2.04889198967905e-07,12983.0,0.803920125908057,5123.0,0.024440351981555,1.0,0.854210275584299,59407.0,1189.634859463874
13055022,2.04474192237874e-07,12680.79980469,0.85057674354388,5111.0,0.0240300725729741,1.0,0.903344221496345,58309.0,1180.474746085545
13055023,3.5907331715798e-08,12571.79980469,0.631904274028365,897.0,0.0041675013879881,1.0,0.668342045302238,10242.0,1164.5351957069481
13055024,3.44884383435245e-08,12349.40039062,0.735809136363062,862.0,0.0038943689279962,1.0,0.771397434822701,9483.0,1176.8480743381108
13055034,2.08761013508059e-07,21967.59960938,0.788323657766615,5219.0,0.0351351917680091,1.0,0.837062977589019,101518.0,1199.1690801467994
13055035,2.56329793530066e-07,19021.40039062,0.797201531500174,6408.0,0.0376952670670251,1.0,0.846623062248513,105972.0,1221.5066336801217
13055036,2.54868817667161e-07,16918.80078125,0.791834420349729,6372.0,0.033717637214795,1.0,0.840653071029625,98343.0,1163.8159875480906
13055037,2.56881369060175e-07,15242.59960938,0.824864881903742,6421.0,0.030815580959885,1.0,0.874650837988827,88035.0,1178.849179403041
13055038,2.60817422044823e-07,13891.20019531,0.799362522676949,6520.0,0.0288335938664166,1.0,0.847535033013432,78735.0,1219.644916918818
13055039,9.3068310117925e-08,13067.79980469,0.713912152999519,2326.0,0.009669806117332,1.0,0.748631145946246,27248.0,1169.7705105394275
13055068,2.37629084483246e-07,24565.0,0.832519640307953,5941.0,0.0468042566393042,1.0,0.885059726065786,126866.0,1222.9513050753137
13055069,2.37667022412067e-07,23470.80078125,0.792876596014217,5941.0,0.0451547936507496,1.0,0.843763610529998,118582.0,1251.3646474442253
13055070,4.6774645652277e-08,22340.0,0.795685023369158,1169.0,0.0085383674781111,1.0,0.848507173322993,22361.0,1245.4342155684794
13055071,2.40150593983564e-07,21882.59960938,0.784388163269942,6003.0,0.0433248414564202,1.0,0.83380163493455,111642.0,1250.7524446004898
13055073,2.39621163514581e-07,20252.40039062,0.78251955028029,5990.0,0.0407310852825373,1.0,0.832321632796692,104430.0,1235.5890049676896
13055075,2.40581178658716e-07,19240.80078125,0.795338170599618,6014.0,0.0393136645035921,1.0,0.847123753283093,99085.0,1243.8662564991293
13055076,1.64900887676251e-07,19208.19921875,0.801105978593577,4122.0,0.0269336314025408,1.0,0.847612411974021,68191.0,1228.4993027773137
13055080,2.34240368941245e-07,17621.0,0.788317163351242,5856.0,0.0360559198752872,1.0,0.836755105868065,94039.0,1164.7185863499537
13056004,3.61381978234784e-08,23721.59960938,0.705492084588906,904.0,0.0069682063053254,1.0,0.736203509013822,21819.0,1025.6124806692437
13056005,1.9671235848733e-07,18066.59960938,0.779707444251718,4917.0,0.0294329561821844,1.0,0.828208337344758,86453.0,1091.4515885724081
13056007,1.16018061647236e-07,16524.59960938,0.730278249783847,2900.0,0.0158965759779961,1.0,0.775381530199517,45936.0,1107.650770222007
13056008,1.65104851989294e-07,15837.59960938,0.752941597091089,4126.0,0.0217432785023443,1.0,0.799338993099794,63633.0,1090.1992841769295
13056017,2.24909511511795e-07,26561.40039062,0.822662436391594,5622.0,0.0465973239149739,1.0,0.87452387582156,167187.0,949.4876240102823
13056020,2.43081338277683e-07,21048.0,0.801977187528177,6077.0,0.0400147975831692,1.0,0.850573481262261,127466.0,1064.2791093780509
13056021,2.42857030751407e-07,18323.80078125,0.772162858431695,6071.0,0.0351964466336577,1.0,0.819893412221173,110750.0,1066.5483505173843
13056022,2.45365149767418e-07,16529.80078125,0.792219944179734,6134.0,0.0323201931925368,1.0,0.840332097100472,100160.0,1073.7971715945866
13056023,2.47395497640461e-07,15412.79980469,0.789936103991139,6185.0,0.0305206683436022,1.0,0.839809997738068,93235.0,1087.004502684341
13056024,2.47665357343071e-07,14305.59960938,0.782125625247816,6191.0,0.0284316227341621,1.0,0.827042522694697,86871.0,1078.0610942082008
13056025,5.02483537506655e-08,13281.59960938,0.60210101341273,1256.0,0.0050271662831632,1.0,0.594626125633454,16636.0,990.2976303076833
13056026,7.07581678844846e-08,12895.59960938,0.681789242822935,1769.0,0.0073958938153437,1.0,0.723330612244898,22504.0,1075.4651822269295
13056027,2.51849890711919e-07,12749.20019531,0.7962582928822,6296.0,0.0260696569481681,1.0,0.843829481967783,77903.0,1091.9285063147765
13056028,2.53746089154343e-07,11571.59960938,0.811061226031009,6343.0,0.0239439562507496,1.0,0.856575990820863,71944.0,1077.4714877682788
13056029,2.5790314466763e-07,10905.59960938,0.802829482024444,6447.0,0.0231735808162561,1.0,0.84887301391797,69179.0,1074.613653023391
13056030,2.60791849800305e-07,10353.0,0.793481188255969,6520.0,0.0223428466939427,1.0,0.840233076434628,67727.0,1055.3951883549946
13056031,2.63505854914594e-07,9824.79980469,0.838912251445393,6588.0,0.0216313962028127,1.0,0.889686452913454,65585.0,1046.630094536089
13056032,5.17904561304722e-08,9242.40039062,0.596777958533603,1294.0,0.0040078061496663,1.0,0.631917153478492,12113.0,1045.4775412688396
13056033,2.68710275645266e-07,9199.79980469,0.795847132772768,6718.0,0.0207132078043174,1.0,0.842135809634359,62585.0,1044.9622434150617
13057005,2.24230847792286e-07,27210.19921875,0.833319804562108,5606.0,0.0496112094458552,1.0,0.886480775861307,201370.0,805.8378522844765
13057006,1.81335059492324e-07,24598.0,0.773903941305325,4533.0,0.0363960834160976,1.0,0.828809517429865,123840.0,964.2557648908487
13057007,2.46975320482601e-07,23656.19921875,0.791905142697736,6174.0,0.0479940000340154,1.0,0.843645402906641,155290.0,1001.9703844203175
13057008,2.51375380953869e-07,22252.19921875,0.849207958746687,6285.0,0.0465216792115455,1.0,0.902488013879647,145667.0,1020.3388719975711
13057009,2.52873260650201e-07,21298.40039062,0.795748655685111,6322.0,0.0451093143914653,1.0,0.847035550495188,133677.0,1072.186939707925
13057010,2.48404516237598e-07,20718.40039062,0.850365672734217,6210.0,0.0434306095765845,1.0,0.902176726192909,132909.0,1027.0210150925518
13057011,5.10424213156095e-08,19924.40039062,0.626307937720799,1276.0,0.008698853083256,1.0,0.668663653970303,26385.0,1028.7234450477752
13057014,2.52065457291466e-07,18644.59960938,0.852275828491151,6302.0,0.0404191418475025,1.0,0.905002849002849,119551.0,1043.6335255928227
13057015,2.5537382860636e-07,18034.40039062,0.801724772853341,6385.0,0.0398204560236972,1.0,0.852144769068616,112758.0,1085.4337570291227
13057016,2.52106202143189e-07,17634.40039062,0.814052418589592,6303.0,0.0386604740472119,1.0,0.86165767502113,109399.0,1075.417357935725
13057017,2.50814339635666e-07,17634.40039062,0.798675915600345,6270.0,0.0388804972487336,1.0,0.848056068791855,109139.0,1075.7274377176198
13057018,2.53381318946108e-07,17634.40039062,0.81700195608982,6334.0,0.0394651378340464,1.0,0.866473847220799,110256.0,1074.4071413521299
13057019,1.29857980646132e-07,17634.40039062,0.774591960507016,3246.0,0.0196310625931205,1.0,0.792929946377999,55493.0,1055.9244445800755
13057021,2.53631431655782e-07,17634.40039062,0.853151530160216,6341.0,0.0397556312411024,1.0,0.900905678513129,109058.0,1082.7147961424325
13057022,2.54265747894815e-07,17634.40039062,0.821407084012419,6357.0,0.0399193129911803,1.0,0.864567366874479,109193.0,1080.5839326304072
13057023,2.54185704147179e-07,17634.40039062,0.82976942824273,6355.0,0.0401735706566515,1.0,0.872525299616587,108871.0,1082.3921624909415
13057024,2.52764791703399e-07,17634.40039062,0.873513681924333,6318.0,0.0402503896737983,1.0,0.918785938704132,108755.0,1077.5457402023458
13057025,2.5595843617458e-07,17634.40039062,0.883324487895962,6399.0,0.0408457517923438,1.0,0.92783699812898,108388.0,1093.5610184489362
13057026,2.55725307595888e-07,17634.40039062,0.887224212722432,6393.0,0.0410095629890528,1.0,0.928948057616761,106689.0,1106.3786914864593
13057027,6.73647956500301e-08,17634.40039062,0.770445088677118,1684.0,0.0107594165091268,1.0,0.802936883805439,27198.0,1137.9037591023432
13057042,2.37043065293453e-07,21460.0,0.803970974239696,5926.0,0.0411084968423806,1.0,0.856578856953667,137166.0,987.8064815512594
13057044,2.51904621145372e-07,19800.0,0.819418173139559,6297.0,0.0410885112801514,1.0,0.871315257326764,122799.0,1079.6271083437077
13057045,2.50885136011852e-07,19195.59960938,0.831972202315759,6272.0,0.0400418847649549,1.0,0.882805996565249,118150.0,1081.2608161724477
13057046,2.48479227967694e-07,18544.0,0.793664813177949,6212.0,0.038951250987902,1.0,0.844213082186741,115080.0,1064.7556758670628
13057047,1.84813436119548e-07,18047.80078125,0.793122586069621,4621.0,0.0281243050453728,1.0,0.836726739355646,81954.0,1073.5775763775594
13057048,1.92566216791444e-07,17196.59960938,0.82830638041916,4814.0,0.0282642905961324,1.0,0.877521300643366,81087.0,1081.5935607539882
13057049,2.50722210801802e-07,16829.40039062,0.794851288131191,6268.0,0.0364573548379948,1.0,0.845483844976231,105268.0,1065.9103771259593
13057050,2.5107006828852e-07,16318.79980469,0.816311257164317,6277.0,0.0354221607568308,1.0,0.864816131213482,100150.0,1083.5710312905035
13057051,2.49584897774022e-07,15898.40039062,0.797742742166925,6239.0,0.0347951558852031,1.0,0.84860973401733,98789.0,1068.082929160129
13057052,2.52327351569261e-07,15441.0,0.82894702066576,6308.0,0.0342611314736722,1.0,0.880500464094259,93326.0,1108.5805884662545
13057053,2.76590439172261e-07,15088.59960938,0.7662526812897,6915.0,0.0368109813535581,1.0,0.810284772695756,99643.0,1107.286472870174
13057055,2.49695074855764e-07,14288.0,0.789734645036413,6243.0,0.0318295623548028,1.0,0.838302860708276,88952.0,1064.45870238792
13057056,2.48150377668949e-07,13978.0,0.803615656970289,6203.0,0.0310826695980347,1.0,0.853703151406701,86145.0,1069.24009785712
13057057,2.5023984988256e-07,13641.40039062,0.820561003568017,6256.0,0.0306681304081953,1.0,0.871164212045329,82429.0,1099.169875648844
13057058,1.22832950301497e-07,13368.20019531,0.829872812551954,3071.0,0.0146831302134691,1.0,0.873784094109491,40563.0,1065.6517132987635
13058002,2.49049447984043e-07,12408.20019531,0.852030226845256,6226.0,0.0281419029146511,1.0,0.904542156781122,76340.0,1074.3345994521478
13058003,2.4723976161698e-07,12176.79980469,0.835755353343293,6181.0,0.0275726895577215,1.0,0.844748263888889,78119.0,973.8305061711173
13058008,2.50553234919952e-07,29358.40039062,0.814105050339852,6264.0,0.0496477962042115,1.0,0.743747167360517,159718.0,1051.9016846090012
13058013,2.61794195544133e-07,25574.80078125,0.789205213052949,6545.0,0.0544650605227926,1.0,0.838463446056698,139087.0,1278.584863844977
13058014,2.6227571061599e-07,24249.19921875,0.81927627344459,6557.0,0.0525499507362663,1.0,0.871430472388556,131434.0,1286.7590298373805
13058015,1.19092141143583e-07,23392.40039062,0.749301530603804,2977.0,0.0222158810937311,1.0,0.760841283607979,56575.0,1249.8747966200274
13058016,2.65476982994874e-07,22438.0,0.821156737426576,6637.0,0.0499529268317235,1.0,0.871352240032881,120983.0,1306.1687928897306
13058017,2.67429650766916e-07,21614.0,0.850464451277749,6686.0,0.0488101114247559,1.0,0.901213864225877,115363.0,1327.4148663033184
13058018,2.65800926476399e-07,21050.40039062,0.81640126931202,6646.0,0.0477062793386163,1.0,0.864239147962435,112927.0,1311.4543273606016
13058020,2.68871369905394e-07,19794.40039062,0.842351699055037,6722.0,0.0461024381847106,1.0,0.893240982009807,107597.0,1311.3417260612837
13058022,1.42448915152285e-09,12783.59960938,0.0677840191230047,36.0,0.0016730173786717,1.0,0.370829727910778,3857.0,652.7595709137588
13058023,2.03652965235872e-07,19116.0,0.840773031605445,5089.0,0.0340181274964606,1.0,0.8896381313073,77378.0,1330.2908033913634
13058025,2.59486351684435e-07,18386.59960938,0.805040727968867,6487.0,0.0418696451029747,1.0,0.851043755159807,94089.0,1340.1101634483132
13058026,2.57933112959948e-07,17729.19921875,0.820253691701447,6448.0,0.0402902720322562,1.0,0.867879769446959,91420.0,1323.0745121052607
13058028,2.59891781683751e-07,17270.19921875,0.859440382406769,6497.0,0.0398577850618073,1.0,0.908961403652612,88981.0,1333.6523008435624
13058029,2.59870092144647e-07,16926.59960938,0.811910669872234,6497.0,0.0393008332085593,1.0,0.861226338380459,83968.0,1389.2417722446903
13058031,2.63202208611774e-07,16431.19921875,0.805895681526752,6580.0,0.038793663081664,1.0,0.854941137544961,80352.0,1427.4333853008188
13058032,1.27431441236934e-07,15973.59960938,0.81136832088122,3186.0,0.0182132638858272,1.0,0.821901775461532,37439.0,1376.975449414151
13059036,4.45609776441334e-09,25938.40039062,0.325518351292549,111.0,0.0009529300843782,1.0,0.34894578313253,2990.0,1032.2323306044773
13060007,1.1150224332467e-07,21364.59960938,0.737438431922559,2788.0,0.0185376130245434,1.0,0.759385740724421,68900.0,890.2356387215891
13060008,2.50413545336291e-07,20679.80078125,0.811346325930655,6261.0,0.0404017642454596,1.0,0.832741326262601,133681.0,994.0865842325144
13060010,1.55516880059226e-08,19061.19921875,0.385264297770424,389.0,0.0023865128383096,1.0,0.399243621585008,7504.0,1023.967606422155
13060011,2.72233128540232e-07,18838.40039062,0.834768585382762,6807.0,0.0409050274322795,1.0,0.854973139381694,125647.0,1045.283328609246
13061024,2.72265546629493e-07,21766.59960938,0.819121215996491,6806.0,0.0462215563370192,1.0,0.841995297479092,141618.0,1075.2899032170394
13061025,2.19891049481473e-07,20588.59960938,0.794121734621948,5497.0,0.0357850782198131,1.0,0.814954098828263,109053.0,1065.0279206774262
13061029,2.67379159994659e-07,19718.59960938,0.82271072239226,6684.0,0.0424643630716886,1.0,0.844310703266728,127916.0,1057.4084505325116
13061030,2.66325914793546e-07,18638.19921875,0.765890724103061,6657.0,0.0404251207422143,1.0,0.785542948900093,119369.0,1066.090506054304
13061031,2.62660814181023e-07,18108.40039062,0.740658570711008,6566.0,0.0391959750778611,1.0,0.754615319542145,116258.0,1041.9951182987545
13061035,1.50054218588402e-07,17330.19921875,0.882181726138367,3751.0,0.0134394295753482,1.0,0.555104724498006,64576.0,633.4266703459315
13061053,3.10639782953884e-07,23491.0,0.849054276151863,7766.0,0.0567699871818489,1.0,0.871821912578736,182824.0,1024.6086343502811
13061054,3.56853237449134e-07,22117.40039062,0.854702772262757,8921.0,0.0635344240312268,1.0,0.876897089056792,201434.0,1004.9590333269388
13061055,3.57409358502148e-07,20720.19921875,0.804666742000184,8935.0,0.0609724513795741,1.0,0.823426687913383,188926.0,1002.7799477164566
13061056,2.70537532667767e-07,19605.59960938,0.868494788962965,6763.0,0.0449274285800076,1.0,0.890237913699745,134412.0,1011.1610738980248
13061059,2.87264232916257e-07,18850.40039062,0.83828030896247,7181.0,0.0480202736895098,1.0,0.856961373189551,146858.0,942.2797947303279
13061060,3.48555846281827e-07,18246.59960938,0.52823354315143,8714.0,0.05556011111011,1.0,0.53257118339479,171712.0,933.5778503178603
13061061,3.46901077773319e-07,15020.40039062,0.872900475770267,8671.0,0.0443643894014325,1.0,0.893362789963705,141632.0,941.1361103007966
13062001,2.60375977171516e-07,15335.40039062,0.852605591755761,6509.0,0.03423123200053,1.0,0.869903893978533,108839.0,935.7243828876649
13062002,1.24206519834144e-07,14861.59960938,0.828691573586614,3104.0,0.015939426598928,1.0,0.844682000878171,50414.0,932.688086450043
13062004,2.5808136329301e-07,14429.20019531,0.837720329494623,6452.0,0.0325558158852555,1.0,0.854272403763616,102839.0,923.1581222980506
13062005,2.57281397240041e-07,14206.59960938,0.835477471221655,6431.0,0.0321118495092925,1.0,0.851460608857665,99990.0,931.1977101231472
13062006,2.59067255415275e-07,13509.79980469,0.838312414827197,6477.0,0.0306501611545444,1.0,0.854154257143373,94929.0,939.1918527513145
13062007,2.58554409011552e-07,13184.59960938,0.867148734340543,6464.0,0.0301777746958627,1.0,0.841861048407324,94317.0,877.2535539134562
13062013,2.6238712270636e-07,24220.40039062,0.822301017803064,6560.0,0.0502569941256747,1.0,0.844770266814423,169077.0,965.4024933577772
13062014,1.19202460247736e-08,23163.59960938,0.885516667942333,298.0,0.0001227351388773,1.0,0.0507179605313676,7190.0,54.986802268384984
13062025,2.60946875011533e-07,30634.0,0.869699530577018,6524.0,0.0612273994406144,1.0,0.894214683110921,207129.0,992.0859816940251
13062026,3.04119036534265e-07,26687.19921875,0.872450162935531,7603.0,0.0627414419475096,1.0,0.895257115637578,205536.0,1012.9948588326228
13062027,2.46699944144045e-07,24583.19921875,0.791657488363045,6169.0,0.0475153341371702,1.0,0.810458843010523,151800.0,1022.7630754453994
13062028,2.686361975622e-07,23374.40039062,0.84206238576551,6715.0,0.0500618123493971,1.0,0.864447844243239,159284.0,1011.6001150410823
13062029,2.76429505500764e-07,22364.40039062,0.859415756144306,6910.0,0.0500148752697989,1.0,0.879486904916222,156501.0,1010.5184683785351
13062031,1.61669034778351e-07,21474.80078125,1.0,3948.0,0.0268692701,1.0,1.0,85058.0,996.76119217916
13062045,8.77771254500136e-08,19337.40039062,0.722769700182197,2195.0,0.0141609195389303,1.0,0.740925870321635,42162.0,1032.0155268404067
13062046,1.30618925316022e-07,19180.19921875,0.787798513436542,3265.0,3.35552437533968e-06,1.0,0.0001292467999943,63321.0,0.1622531648632117
13062049,2.4625435432129e-07,18409.59960938,0.835393283440652,6156.0,0.0382062206082199,1.0,0.852690471308474,116854.0,989.919323075401
13062050,2.46681311509264e-07,17831.59960938,0.885464207826153,6166.0,0.0373327933502754,1.0,0.902681833410443,113603.0,986.6604398503107
13062052,5.41393476542112e-08,17359.40039062,1.0,1324.0,0.0076797987,1.0,1.0,23922.0,960.7827989792193
13062059,2.96286951563551e-07,16667.19921875,0.844683031184217,7407.0,0.042678361976521,1.0,0.861359600187495,130796.0,962.5011060021114
13062060,5.56318759013524e-08,16174.79980469,0.867997428748986,1391.0,0.0077278850772439,1.0,0.878460676256305,23873.0,953.812330976109
13062061,1.69901773435407e-07,16137.79980469,0.825587334375922,4248.0,0.0237164399264946,1.0,0.839684261545918,73116.0,953.6069310414422
13062062,3.18914141128359e-07,15805.20019531,0.832066842513801,7973.0,0.044010485668702,1.0,0.849190667983889,134369.0,957.1272415363605
13062063,2.91625363950625e-07,15330.0,0.871472414711287,7291.0,0.0393025032107731,1.0,0.878999320508231,120678.0,934.1917847518067
13063006,5.3625849842376e-08,16273.79980469,0.727641161628929,1341.0,0.0072431000168049,1.0,0.754638979305757,32019.0,706.8576431969984
13063009,2.4801362829687e-07,23724.19921875,0.817041652199706,6200.0,0.0453791486865337,1.0,0.839857859799043,158201.0,955.7308860241044
13063010,2.47021327219001e-07,22571.40039062,0.818868002635723,6175.0,0.0435072432862677,1.0,0.839671445158472,146670.0,974.4277819258883
13063011,2.49786954778592e-07,21685.19921875,0.827324037781022,6243.0,0.0427498144472885,1.0,0.848418341435101,140878.0,985.4803738444123
13063012,5.34632932214116e-08,20949.40039062,0.65052061125511,1336.0,4.13057452595086e-07,1.0,3.09071468462882e-05,31920.0,0.04165940154388607
13063020,3.28864339970383e-08,19981.59960938,0.559747472696096,823.0,0.0050749109790443,1.0,0.548160084185603,17150.0,939.03381090569
13063022,2.47406782500167e-07,19695.40039062,0.83284516282951,6185.0,0.0395856289634359,1.0,0.852351255688522,126898.0,982.435570324374
13063023,2.47429868595755e-07,19060.80078125,0.845754611114378,6186.0,0.0387207447382026,1.0,0.866919991258187,123450.0,979.0268606658282
13063030,2.46098551228128e-07,18141.80078125,0.823672778822551,6152.0,0.0372620245852595,1.0,0.841978085770263,116473.0,979.5295303206346
13063031,2.44750839508943e-07,17582.59960938,0.883304979678684,6118.0,0.0362417697649097,1.0,0.903278294325104,113085.0,972.7437570985717
13063032,2.41159685916396e-07,17101.40039062,0.859930820005067,6029.0,0.0349362161440076,1.0,0.877558621454779,111116.0,946.9193313442868
13063034,3.30175553279569e-07,16604.80078125,1.0,8070.0,0.04486940924625,1.0,1.0,145947.0,918.1466032510946
13063035,3.24276976491303e-07,16054.20019531,1.0,7927.0,0.0430962181125,1.0,1.0,139155.0,914.5316010795327
13063036,3.8717357813558e-07,15479.79980469,0.851489252213879,9679.0,0.0524129901072308,1.0,0.869689732481147,166809.0,917.405887995613
13063051,2.55076693326171e-07,24978.40039062,1.0,6199.0,0.0453462875025,1.0,1.0,186510.0,830.2026916597148
13063053,3.45664027276794e-07,20826.80078125,1.0,8406.0,0.0521401036525,1.0,1.0,193287.0,905.7520028102641
13063054,3.38461997303793e-07,18329.19921875,1.0,8244.0,0.04557601245625,1.0,1.0,159224.0,949.014711094904
13063059,2.41219817333273e-07,29406.80078125,0.833886147410408,6030.0,0.0547274235427468,1.0,0.85698514211318,194837.0,935.3199348298032
13063061,3.38623064461875e-07,21863.59960938,0.851410681080638,8465.0,0.0578257801182079,1.0,0.87302819206134,187142.0,1014.066732641426
13063062,3.61464517954104e-07,19189.80078125,0.844068591016902,9037.0,0.0547323092599816,1.0,0.863409391947617,173202.0,1024.1908095922513
13063063,7.89709425148132e-08,17642.40039062,0.807715784819488,1974.0,0.0110830062554826,1.0,0.828484438430311,34660.0,1030.6282660188367
13063065,1.90751539386351e-07,17134.80078125,1.0,4649.0,0.0248936097075,1.0,1.0,81529.0,977.0718251423573
13063067,1.9091571085696e-07,16055.0,1.0,4655.0,0.02357853355,1.0,1.0,76089.0,982.2185204168803
13063068,3.47022173926658e-07,15633.79980469,0.857372755505,8674.0,0.0400343837673071,1.0,0.794870184015443,139177.0,903.3229019217629
13063071,1.04913264544433e-07,14646.0,1.0,2559.0,0.01201001292,1.0,1.0,39337.0,952.770012964893
13063072,2.28973055529387e-07,14423.40039062,0.849575228647773,5724.0,0.0272858271289056,1.0,0.869596825492988,86479.0,977.1758613718646
13063073,3.53273725263154e-07,13965.79980469,0.846189592679192,8832.0,0.041031664490983,1.0,0.863620264499703,129550.0,971.723263454566
13063074,2.85502097842718e-07,13526.40039062,0.825999560755576,7136.0,0.0317800888816441,1.0,0.82844330767402,101416.0,954.5827461676242
13063076,3.90340357411333e-07,13088.0,0.856158076913539,9759.0,0.0425874694507984,1.0,0.863169175941947,134042.0,960.6820367827363
13064001,2.83674135419133e-07,12527.59960938,0.841564493077188,7091.0,0.0300906930569956,1.0,0.856120126294148,93572.0,965.7767389423502
13064002,4.30333134275041e-07,12271.59960938,0.850422788092233,10757.0,0.0451578954927178,1.0,0.866083654923441,139415.0,964.290294983003
13064003,2.57037148391117e-07,11750.59960938,0.854824188060014,6425.0,0.0260282175198457,1.0,0.872176776798045,82372.0,935.1499731811036
13064004,2.58137681610609e-07,11375.40039062,0.870559224247486,6453.0,0.0251743182477943,1.0,0.880945387170391,78284.0,948.8684641066844
13064005,1.01917650117848e-07,11205.59960938,0.759645519672601,2547.0,0.0098550169287532,1.0,0.77352257109631,29519.0,984.5197085446229
13064006,3.96083858498832e-08,11036.59960938,0.776269080040202,990.0,0.0037800784124819,1.0,0.788990825688073,11446.0,970.2338126782403
13064012,1.21935534368995e-07,28425.0,0.832129653482289,3049.0,0.0258001874173654,1.0,0.852077123695976,91967.0,964.9699402794654
13064014,2.6871867675183e-07,24631.59960938,1.0,6524.0,0.0477522970425,1.0,1.0,167185.0,961.1900341035087
13064020,2.62154928336977e-07,20198.19921875,0.829606280588771,6553.0,0.0415916204000716,1.0,0.85165316055586,135405.0,1003.4802955866334
13064021,2.60749782076523e-07,19318.59960938,0.882834856732588,6519.0,0.0399429338424588,1.0,0.903869873573851,129374.0,996.6348195216319
13064022,2.39298762786425e-07,18261.59960938,0.841589734669264,5982.0,0.0349694210629224,1.0,0.859161984910488,111885.0,996.753988529299
13064023,2.57382694059029e-07,17392.59960938,0.840368667907269,6435.0,0.0361623662149011,1.0,0.860314112462807,114572.0,1000.050085609177
13064024,3.91459527057606e-07,16734.80078125,0.886271437754476,9786.0,0.0534327838331005,1.0,0.907421761457223,168959.0,992.4002487742904
13064025,3.50738061543401e-07,15877.0,1.0,8562.0,0.043906176415,1.0,1.0,139451.0,974.8146230575614
13064026,2.28162738982549e-07,15267.79980469,0.881348474735249,5704.0,0.0288997661695698,1.0,0.8994221796496,87702.0,1013.3568603722046
13064028,2.63029247043333e-07,14246.79980469,0.826541905435503,6575.0,0.031090310855099,1.0,0.830853481224806,95728.0,983.6342901506185
13064029,4.08785206372443e-07,13821.40039062,1.0,9997.0,0.046061406015625,1.0,1.0,142643.0,968.6597989738588
13064031,3.60398462842083e-07,13306.0,0.875748863176152,9011.0,0.0410701947692642,1.0,0.893336230624366,123648.0,989.1650846883573
13064032,2.34415053714493e-07,12913.79980469,0.888175071043985,5861.0,0.0260003753740487,1.0,0.903719937846425,78254.0,984.1346189125819
13064052,3.18566844352693e-08,22709.19921875,1.0,778.0,0.00505018530125,1.0,1.0,17731.0,996.4331956566183
13064055,4.45010879951984e-07,20908.0,1.0,10851.0,0.06604450402,1.0,1.0,210622.0,1077.1557956908587
13064056,3.25006064294437e-07,18316.19921875,0.884402170410511,8125.0,0.045331337171344,1.0,0.904252919910062,132717.0,1146.4953355724704
13064061,1.75783123780022e-07,14950.79980469,0.891833382537378,4395.0,0.0210798461217458,1.0,0.910181524083393,61054.0,1098.382169394061
13064064,4.1432814452142e-07,14430.79980469,0.86891226922004,10357.0,0.0484019663338417,1.0,0.887477077941502,136752.0,1116.276820392414
13064065,4.78832108751667e-07,13721.59960938,0.890009958080318,11971.0,0.0535614683943966,1.0,0.90587245296628,151022.0,1107.0497633222785
13064066,3.12906523607484e-07,12962.59960938,0.896240254695703,7822.0,0.0333270094274039,1.0,0.910839854140269,94420.0,1091.3486131732334
13064067,1.86707679702442e-08,12447.59960938,0.342635491576044,466.0,6.87204791473299e-06,1.0,0.0012469479598373,6727.0,3.1380949600026717
13064068,2.30654637204849e-07,12306.59960938,0.827477798974405,5765.0,0.0235573891992683,1.0,0.843442874692875,66196.0,1092.4585266150045
13064070,4.08069513453255e-07,11785.59960938,0.891474805666325,10202.0,0.0400386798200185,1.0,0.906168135270302,114412.0,1068.2309018196133
13064075,4.78718456258071e-07,10843.0,0.890593212567657,11967.0,0.0434670084453695,1.0,0.87676268744633,123805.0,1031.8088356922829
13065005,2.89281192051391e-07,26034.19921875,0.891014363731035,7232.0,0.0548693656678694,1.0,0.913119794049126,172258.0,1120.124490555129
13065006,2.87013344090246e-07,22712.0,0.845314046157962,7175.0,0.0482207373327001,1.0,0.865183537263626,144383.0,1155.1845854909247
13065007,2.8243904094146e-07,20728.59960938,0.88141484122115,7060.0,0.0439283875801804,1.0,0.901500010519008,129022.0,1160.1022562901135
13065008,2.78932985775843e-07,19421.0,0.817089728692519,6971.0,0.0412060828999043,1.0,0.834635017154333,120127.0,1151.2055908149146
13065009,2.78945636930606e-07,18384.0,0.832578591194073,6974.0,0.0395252006862524,1.0,0.850191259479088,114375.0,1144.6751212590666
13065013,3.14322702921707e-08,16939.0,0.565868678946637,786.0,0.0039346675357653,1.0,0.544288778350751,12276.0,1043.1989916235564
13065014,2.74603915504327e-07,16518.59960938,0.837346916365232,6864.0,0.0357896829587026,1.0,0.855821151060187,104360.0,1110.437248227177
13065015,2.72420406429581e-07,16012.0,0.828394140907481,6810.0,0.034637979734742,1.0,0.844223968895071,101054.0,1099.6635864502948
13065016,2.74429808979098e-07,15495.79980469,0.831973343757831,6860.0,0.0341145738654411,1.0,0.847690280178685,99413.0,1089.4886858848388
13065017,2.70775902643244e-07,14901.0,0.828735929273759,6769.0,0.0326094899445779,1.0,0.842430062778993,95048.0,1078.7346644769157
13065018,2.74373795406421e-07,14509.0,1.0,6719.0,0.031251442915,1.0,1.0,91687.0,1063.2474723788541
13065019,3.31948336009782e-07,14095.20019531,0.856085145986582,8298.0,0.0380465242608546,1.0,0.861223634585836,111285.0,1057.3214112677185
13065020,3.22733488006715e-07,13651.79980469,1.0,7907.0,0.035326009554375,1.0,1.0,103355.0,1044.4079246837
13065021,3.20592613471008e-07,13248.40039062,1.0,7857.0,0.03424552501,1.0,1.0,99772.0,1043.3055553572278
13065022,1.81880662599929e-07,12905.0,0.87357199127598,4546.0,0.0197443695872866,1.0,0.887541172981158,57126.0,1043.3822223055215
13065046,4.24174815608527e-07,25315.59960938,0.890230809108581,10605.0,0.079443615795211,1.0,0.912195227044695,296715.0,927.1383901977886
13065047,2.88519994961573e-07,21100.0,0.837628899262089,7213.0,0.0456399436060823,1.0,0.855712438986337,154095.0,1008.9880735005661
13065049,3.72444659044876e-07,18126.40039062,0.889690876593767,9310.0,0.052001551047372,1.0,0.907855598362365,165838.0,1038.3764673816952
13065050,3.79768784519102e-07,16825.40039062,0.851769221231708,9494.0,0.0495822220261267,1.0,0.864368464136439,159829.0,1014.2289990528859
13065051,1.00034009674047e-07,15290.40039062,0.378080481379758,2502.0,0.0120603778287974,1.0,0.381608538212312,38939.0,991.6426449277859
13065052,2.7967814416829e-07,14741.40039062,0.848227712687747,6992.0,0.0330133676225065,1.0,0.863733755838868,105469.0,995.1367594039198
13065053,3.51756421303595e-07,13988.40039062,0.840126182239244,8793.0,0.0395553675087584,1.0,0.855977735421673,124317.0,1008.0743292578802
13065055,3.04552382609259e-07,13050.0,1.0,7463.0,0.0310006665,1.0,1.0,98584.0,987.9103099894505
13065056,3.74653541573549e-07,12607.79980469,0.876202471953669,9365.0,0.038451512118754,1.0,0.891218236173393,119533.0,1004.7056785274738
13065058,2.71348564966188e-07,11904.20019531,0.851046038049007,6784.0,0.0265421400938087,1.0,0.867520273154076,81560.0,1009.3352072743068
13065059,2.89461847552294e-07,11503.79980469,0.854375817657041,7236.0,0.0274268321916733,1.0,0.8691296245891,83291.0,1016.6639002499605
13065060,4.32619949542595e-07,11123.40039062,0.853323527557469,10813.0,0.0398221160682368,1.0,0.86542727519929,121196.0,1006.496676364183
13066021,2.62930156325292e-07,15106.20019531,0.824372838632333,6573.0,0.0305504356777084,1.0,0.840823316208622,101553.0,997.2572049700356
13066022,2.63380196598534e-07,14256.79980469,0.832364963085648,6584.0,0.0290831475210903,1.0,0.847724583886496,94211.0,1014.7317437140528
13066023,2.61540542674568e-07,13466.79980469,0.842574195045254,6538.0,0.0276075310269654,1.0,0.858025050975823,88669.0,1011.1819840048769
13066024,2.588519584189e-07,12877.59960938,0.806484395340953,6471.0,0.0261677214132395,1.0,0.817716486281439,85143.0,992.3483557866715
13066025,2.61355505903112e-07,12350.20019531,0.828872042833142,6534.0,0.0256539528253676,1.0,0.843799161651121,83450.0,984.4153673718507
13066026,2.63289116343503e-07,11755.59960938,0.846487366082939,6582.0,0.0248830553463298,1.0,0.86384091528194,79566.0,992.4038215194847
13066027,2.65210343509099e-07,11392.20019531,0.827404868318111,6629.0,0.02437390208427,1.0,0.840492818553169,76820.0,998.613101486511
13066028,2.65750162599943e-07,10989.40039062,0.822128477096475,6643.0,0.023717832041515,1.0,0.835024162676756,75062.0,987.8192119052159
13066029,2.67602996416926e-07,10569.20019531,0.827576569068421,6690.0,0.0231371270292742,1.0,0.842312015481419,72961.0,986.3754939769374
13066030,2.71287159570338e-07,10224.59960938,0.863193920474273,6780.0,0.0228229209751372,1.0,0.878640535847184,71055.0,993.0799709307587
13066031,2.73326518082311e-07,9944.79980469,0.867885667809154,6833.0,0.0224992801023945,1.0,0.884203463315182,68772.0,1006.6662448565453
13066033,2.76015271137085e-07,9777.79980469,0.850859448145807,6899.0,0.0224500692074514,1.0,0.865327655246933,68311.0,1004.2906073694472
13066034,2.98596179900216e-07,9493.59960938,1.0,7332.0,0.022889828325,1.0,1.0,69196.0,1005.9406950687058
13066100,1.8099962270140502e-09,14720.59960938,0.0882513284684327,46.0,0.0002333706251867,1.0,0.0907003444316877,426.0,1633.6590296102827
13066105,1.73751422614283e-08,13345.40039062,1.0,425.0,0.0018766301925,1.0,1.0,3847.0,1474.3423878381857
13068023,1.55172595640864e-07,18912.0,0.876889993098503,3879.0,0.0224252402207494,1.0,0.899147952793409,51303.0,1466.224671395529
13068028,6.1394996514232e-08,14730.59960938,0.876253967942839,1535.0,0.0075996132687766,1.0,0.885727580934654,13669.0,1672.099944224835
13068057,2.70772586432569e-07,31429.0,0.882885212753746,6769.0,0.0628690621244501,1.0,0.909804069981186,168670.0,1299.7531075580423
13068058,3.03022723623883e-07,28204.80078125,0.891324933377182,7575.0,0.0643183752296187,1.0,0.917319047979901,157981.0,1391.8267254788334
13068059,3.17910345686097e-07,26074.40039062,0.892421754612606,7947.0,0.0636762938513092,1.0,0.917977402947764,148830.0,1432.1513064951553
13068060,2.95915923585963e-07,24460.0,0.894501148742529,7398.0,0.0014944751313166,1.0,0.0244466056806548,130316.0,37.94990591462847
13068084,3.64387537983947e-08,28407.80078125,0.841496298373407,911.0,0.0074973710416156,1.0,0.862210382417891,25351.0,1045.976515187226
13068085,2.6653417576771e-07,27771.80078125,0.878740668344766,6662.0,0.0543861893006399,1.0,0.906562903297584,163706.0,1165.953660084563
13068086,2.72883155549845e-07,25343.19921875,0.858897511619716,6821.0,0.0517940273585011,1.0,0.885584426499777,137480.0,1296.458411195917
13068087,3.36877484057351e-07,23728.40039062,0.881970616574765,8421.0,0.0606085082560904,1.0,0.906112210585836,144861.0,1417.1261654090376
13068088,3.69416928614996e-07,22213.59960938,0.884905272413469,9236.0,0.0637559210389122,1.0,0.909614760147601,154476.0,1365.2197576363897
13068090,4.37304494250886e-07,20768.0,0.854376805844479,10932.0,0.0722333369810848,1.0,0.877871664189505,166111.0,1404.3568816017082
13069001,6.42799984264834e-07,19353.80078125,0.887490784112319,16070.0,0.100792242459637,1.0,0.910110615028648,240330.0,1327.1025523973742
13069002,2.88153234447256e-07,18113.0,0.873656685714347,7204.0,0.0429043518327669,1.0,0.895863923434819,101639.0,1316.451764335102
13069003,1.68413371109634e-07,17515.59960938,0.864088740043787,4210.0,0.0245611514182176,1.0,0.883400652825183,59584.0,1265.2513807435598
13069004,3.14239586869864e-07,16914.59960938,0.878978384951162,7856.0,0.0445052437100619,1.0,0.89444794012452,108032.0,1251.6636884283207
13069005,2.54656417809182e-07,16343.0,0.890768879751893,6367.0,0.0352110390975821,1.0,0.910990736882592,85595.0,1243.2748812048085
13069007,2.76400374647345e-07,15349.0,0.838608649909346,6911.0,0.0365442570312608,1.0,0.858171162223555,87584.0,1239.3979748396464
13069008,2.57845855492127e-07,14895.40039062,0.869808137461732,6445.0,0.0331934733412889,1.0,0.889081967585494,75417.0,1301.1404730982142
13069013,2.86423633538125e-07,28814.80078125,0.870014525370285,7161.0,0.0615481361020966,1.0,0.896050826655115,186158.0,1141.599400327812
13069014,3.24371890056942e-07,25989.59960938,0.860576060856135,8110.0,0.0646518568929777,1.0,0.886903703854182,174562.0,1244.3940953379313
13069016,2.85285158170163e-07,23803.40039062,0.891947497933408,7132.0,0.0533064697235227,1.0,0.918847594825936,134892.0,1296.4874995725645
13069017,2.96932357314859e-07,22541.19921875,0.870974241422249,7422.0,0.0534179243800355,1.0,0.895228529759776,130616.0,1316.5282740242312
13069018,2.84904731744079e-07,21541.19921875,0.8937186581799,7122.0,0.0495631500570019,1.0,0.918868127147766,120259.0,1311.615743528602
13069020,5.97678458947358e-08,20415.59960938,0.882331208156033,1495.0,0.0098761615270478,1.0,0.899720501586342,23920.0,1301.1223386797208
13069021,3.15658220300111e-07,19963.40039062,0.893614978824492,7892.0,0.051836378671563,1.0,0.916764527686565,122991.0,1314.182325652288
13069022,3.20288761092751e-07,19298.19921875,0.893869228464817,8007.0,0.0514727734459188,1.0,0.916575840145322,121516.0,1303.9098537869716
13069023,3.11381790795569e-07,18628.40039062,0.893755617306041,7784.0,0.0013249468922381,1.0,0.0248829496136031,115580.0,34.92840682408088
13069024,1.17820318280102e-07,17913.40039062,0.885857258289033,2945.0,0.0178784024878903,1.0,0.907198786445669,41060.0,1315.7794519230663
13069026,2.63334329089917e-07,17594.0,0.893475634921434,6583.0,0.0395162950155495,1.0,0.914998954047835,92176.0,1286.7923450138549
13069027,1.72738413917984e-07,17171.40039062,0.890158972962139,4318.0,0.0255146746737351,1.0,0.912096761704171,59206.0,1283.2047895287415
13069030,3.10268605415686e-07,16271.40039062,0.890466222342522,7754.0,0.0436231362728227,1.0,0.908502060165699,102873.0,1251.2894699688356
13069031,4.877017242678e-08,15495.79980469,0.857696941910921,1219.0,0.0065614987188437,1.0,0.874709572490706,15410.0,1250.1009394305215
13069035,2.96206676926871e-07,15269.0,0.888163604860116,7405.0,0.0394336593329678,1.0,0.906396798124957,91567.0,1260.1494734114024
13069036,1.5591064539412e-07,14766.40039062,0.879526581232128,3897.0,0.0201098780560181,1.0,0.896513131235166,46728.0,1255.2653430022997
13069066,3.51482974739752e-07,28774.0,0.883799149374755,8787.0,0.0772809461751901,1.0,0.911220075779974,200881.0,1297.6922298303218
13069067,3.90046694912876e-07,26705.19921875,0.886646650015775,9751.0,0.0811544490338338,1.0,0.913695296130585,200216.0,1340.2845443926697
13069068,3.41432849804793e-07,24875.19921875,0.887288273519424,8535.0,0.0673975494025447,1.0,0.914570444811466,163854.0,1335.5663426750418
13069069,1.04806414827933e-07,23609.0,0.86805870951554,2620.0,0.0197317971141773,1.0,0.890626178800453,47657.0,1331.6759026378656
13069073,3.92377719458121e-07,21956.40039062,0.888072615169698,9809.0,0.0703448653370621,1.0,0.912183816570593,169994.0,1301.3261831647249
13069074,4.72469290701139e-09,20911.40039062,0.512712405673723,118.0,0.0007910582009455,1.0,0.510660608178958,1873.0,1312.1572361230797
13070006,1.15609343048297e-07,27817.59960938,0.890373023913577,2891.0,0.0244028958590192,1.0,0.917452566741666,58055.0,1427.380438430051
13070008,3.76142819061592e-07,26984.59960938,0.903838605621047,9403.0,0.0784103495791195,1.0,0.932392564626271,181333.0,1443.4890113892172
13070010,4.09554438674439e-07,25314.19921875,0.896495559872769,10239.0,0.0819054755041999,1.0,0.924428943699785,188177.0,1420.301637707589
13070011,2.41270814405239e-07,23896.19921875,0.904913065505005,6032.0,0.0463378364912699,1.0,0.932626818020575,101977.0,1456.7632347330239
13070012,3.89087490430557e-07,23169.19921875,0.889305350661686,9729.0,0.0733102739633205,1.0,0.915914491930548,166119.0,1397.5390263837594
13070014,6.60376677318545e-08,22455.59960938,0.859463938370685,1651.0,0.0120308945320627,1.0,0.880301267132144,27611.0,1375.286757467966
13070015,1.17098645287786e-08,22088.0,0.742673465375139,293.0,0.0020996754512189,1.0,0.760425319820568,5000.0,1325.2953410753098
13070016,2.88181287789335e-07,21538.40039062,0.884571386862207,7205.0,0.0511258216143856,1.0,0.908731211662426,116818.0,1364.7095234884962
13070017,2.94425157336818e-07,20870.80078125,0.884741005498613,7361.0,0.0510508109457864,1.0,0.908360888049126,117672.0,1340.4328588513526
13070018,8.40044536246501e-08,20242.19921875,0.860831963644969,2100.0,0.0141340518028328,1.0,0.878560104958181,32546.0,1333.0071017832431
13070019,1.23592998573106e-08,20090.80078125,0.723095696882019,309.0,0.0019928794009506,1.0,0.709241783273674,4735.0,1285.980192519632
13070020,2.77893945114627e-07,20064.40039062,0.860794469508172,6947.0,0.0470233646132021,1.0,0.882109473856076,108425.0,1317.3982194729958
13070021,5.30213414235454e-08,19148.19921875,0.848963465784811,1326.0,0.0086438039404422,1.0,0.869998670743055,19253.0,1351.4582640928215
13070022,2.94651961453282e-07,19140.80078125,0.884814239724569,7366.0,0.0482483148906279,1.0,0.907565523277898,110252.0,1311.6900597314036
13070024,4.9532469010848e-08,18152.40039062,0.851138734891575,1238.0,0.0077112583532381,1.0,0.87078910936779,16504.0,1393.0866339104743
13070025,2.779600377584e-07,18259.0,0.884336217228932,6949.0,0.0438038465190855,1.0,0.907807564364185,97804.0,1331.7388489477335
13070026,2.61819241507192e-07,17704.0,0.883991607206943,6545.0,0.0400972381124613,1.0,0.903904390540335,89575.0,1322.722037039143
13070027,2.359832940028e-07,17313.59960938,0.883981962934792,5899.0,0.0355650594354006,1.0,0.904684513522484,79371.0,1316.9147637035217
13070057,3.19224336684468e-07,22963.0,0.862403128387587,7981.0,0.0585189701091672,1.0,0.906102232524094,186251.0,1033.84206938368
13070058,3.39172962702023e-07,21739.59960938,0.863944786697145,8479.0,0.0596838003980986,1.0,0.905862787470933,187906.0,1028.565515586413
13070059,9.78067509335987e-08,20901.0,0.805174332209813,2445.0,0.0166447666530689,1.0,0.842391829633687,52288.0,1022.5113146428462
13070060,1.12700719927976e-07,20260.0,0.758771592692431,2818.0,0.018734714956092,1.0,0.793667161634494,57693.0,1035.1055938463037
13070061,2.49307209134572e-08,19850.0,0.651624427029777,610.0,7.13273489740438e-06,1.0,0.0011922087823779,12729.0,1.740407797116776
13071003,2.80237145774842e-07,18870.80078125,0.869767403420393,7006.0,0.0441693685160556,1.0,0.905438706693634,131616.0,1045.7014345233208
13071004,2.50191108498831e-07,18380.59960938,0.870602758532266,6254.0,0.0387962508624936,1.0,0.906918060451216,115117.0,1040.2221571359016
13071005,2.50521912903605e-07,18036.40039062,0.871961169270317,6263.0,0.0385802176976352,1.0,0.908526414085384,114338.0,1029.3951110757819
13071006,6.80862261610888e-08,17708.80078125,0.626489459307997,1702.0,0.0103139105789667,1.0,0.650726132164647,30620.0,1022.4168563211136
13071008,1.03390518147042e-07,17460.80078125,0.868172565602551,2585.0,0.0154877191891406,1.0,0.900895670923868,43670.0,1072.531249813462
13071009,9.18344174149256e-08,16965.59960938,0.888271976457555,2296.0,0.013189016136894,1.0,0.904760444144531,29725.0,1334.7713550569065
13071010,2.62152333423517e-07,17132.59960938,0.874459134284661,6553.0,0.0383144622046522,1.0,0.892579652708974,85877.0,1334.4245791198039
13071011,2.6779128967565e-07,16697.0,0.893911552391902,6695.0,0.0382163089747505,1.0,0.911055497674618,85149.0,1338.0112342516827
13071012,2.98042668441267e-07,16317.59960938,0.887027600087431,7450.0,0.0418608432288983,1.0,0.905369361011249,93974.0,1320.3634454866449
13071028,3.04050067698036e-07,23445.80078125,0.891527834942656,7601.0,0.0531453724258939,1.0,0.91531790353431,119597.0,1529.8630915746508
13071029,2.7280863398994e-07,22826.19921875,0.888200597487502,6820.0,0.0468776448716406,1.0,0.909291457693658,101373.0,1572.1273715888976
13071031,3.13174105066964e-07,22167.19921875,0.894780572111533,7829.0,0.0531004404975521,1.0,0.915303517207497,114017.0,1557.026818429981
13071032,3.277293945236e-07,21245.59960938,0.892915809646293,8193.0,0.0541114778760119,1.0,0.913673242125358,115233.0,1545.6653553780097
13071033,2.98164862090227e-07,20608.0,0.894051681254368,7454.0,0.0484959295709887,1.0,0.916404211284082,102220.0,1540.330126271164
13071041,4.24975055513913e-07,18997.40039062,0.898069898850668,10624.0,0.0654348272976535,1.0,0.918596077274738,137345.0,1503.086003532251
13071042,2.04521506644535e-07,18318.80078125,0.897748964817808,5113.0,0.0303330840349384,1.0,0.906790335508989,63647.0,1486.4382220904274
13071043,2.9885491335136e-07,18003.80078125,0.900922552726214,7472.0,0.0443520936614042,1.0,0.920192980144532,91096.0,1508.3190332432137
13071045,3.29236352814723e-07,17424.40039062,0.899091147562967,8231.0,0.0477482831238358,1.0,0.917641343746497,98560.0,1485.1796829133336
13071046,1.39529890283215e-07,17036.59960938,0.893776111691455,3488.0,0.0199458578377068,1.0,0.912399876089746,41515.0,1461.2039095694904
13071048,1.67606335025076e-07,17026.40039062,1.0,4099.0,0.023021140471875,1.0,1.0,48587.0,1436.4174614845822
13071050,3.43092808003537e-07,16460.0,0.854100879288666,8576.0,0.0479082832616111,1.0,0.870910859783534,100250.0,1435.8026777961509
13071051,8.57630585973077e-08,16118.79980469,0.900280319218185,2144.0,0.0118119025544635,1.0,0.92011688360973,24556.0,1438.3517340890237
13071055,2.67203727776528e-07,15801.0,0.801039425045196,6681.0,0.0361835432169178,1.0,0.816024800286157,75096.0,1432.0517303741733
13071064,2.83616824277034e-07,26908.0,0.880837568956719,7090.0,0.0572499028748321,1.0,0.904315708451818,169810.0,1153.4230800733874
13072001,2.77920988039647e-07,24951.0,0.890793295338065,6948.0,0.0521358164721835,1.0,0.91316354921352,133136.0,1334.8236388495602
13072002,2.98419364385187e-07,23840.59960938,0.888967158150101,7460.0,0.0543243925835004,1.0,0.911429510711742,133574.0,1365.1219176225568
13072003,3.18667419896462e-07,22994.59960938,0.894499265352132,7966.0,0.0566100111042785,1.0,0.915220275464008,134285.0,1395.6749862226272
13072004,2.03232208091542e-07,22233.0,0.890305857666617,5081.0,0.0353079003850138,1.0,0.91304443466784,83473.0,1387.886410966847
13072005,3.03112718163617e-07,21736.0,0.889687762845876,7578.0,0.0519151699570507,1.0,0.908959385916253,121697.0,1382.8058728425792
13072006,6.62222214297296e-08,21069.40039062,0.885932266137145,1656.0,0.0110802309788192,1.0,0.906467414454068,25903.0,1378.2059507015301
13072007,2.88443964401924e-07,20845.80078125,0.89342835256365,7211.0,0.0481292647118539,1.0,0.914646706295464,113252.0,1358.8197249550287
13072008,3.33441918552105e-07,19945.40039062,0.892372850628344,8337.0,0.0538734791484133,1.0,0.91341551637206,125377.0,1357.5527766468508
13072009,2.77856822772319e-07,19428.80078125,0.875842520395867,6945.0,0.0441292151753552,1.0,0.895315588816718,101824.0,1354.6222738805634
13072010,2.52362460717471e-07,18965.0,0.893359894189365,6309.0,0.0392375877712193,1.0,0.911912949751065,89177.0,1369.5801331487066
13072011,2.71940773765672e-07,18516.40039062,0.891988900936522,6798.0,0.0416580626947065,1.0,0.910747939036058,94648.0,1357.8913718205943
13072014,1.53394845719542e-07,18114.40039062,0.880928390650353,3834.0,0.0231659557087906,1.0,0.898622977874813,52537.0,1348.4899506272975
13072015,1.79019760803876e-07,17683.40039062,0.882355984672883,4476.0,0.0265782920241535,1.0,0.901462183626512,58171.0,1390.122285359757
13072016,3.84294489721175e-07,17323.40039062,0.895136902004134,9607.0,0.0561075131498315,1.0,0.913189592782877,127776.0,1328.7495716027984
13072017,2.70207005107942e-07,16885.80078125,0.894108544527192,6755.0,0.038670260176162,1.0,0.9121010054558,87599.0,1328.3134045953461
13072018,2.66961730116728e-07,16450.19921875,0.893443682037182,6674.0,0.0373646460799612,1.0,0.909080016556652,83824.0,1332.6739608979508
13072019,1.32523636099999e-07,16195.40039062,0.891064576944818,3313.0,0.0183054399743018,1.0,0.905712334500914,41408.0,1317.0733844405556
13072020,1.66813150232467e-07,15920.59960938,0.890437080409664,4170.0,0.0227463307384268,1.0,0.906797577668685,50921.0,1327.717457953174
