run,sampled_lumi_MB,prescale_MB,livetime_MB,nevents_MB,sampled_lumi_JP2,prescale_JP2,livetime_JP2,nevents_JP2,JP2_weight
13048009,3.796576e-05,127.11695099,0.90508824925658,949144.0,0.0395371256223484,1.0,0.903224702177187,105540.0,1140.8363863166348
13048010,6.87668e-06,117.03401184,0.909393098613884,171917.0,0.0065931090170159,1.0,0.901679421768708,17294.0,1153.5487852309063
13048011,4.188552e-05,103.82598114,0.913491282958305,1047138.0,0.036188604528442,1.0,0.910116417201235,96125.0,1126.8501120936917
13048012,4.236816e-05,100.36811066,0.91658681775786,1059204.0,0.0356586850172073,1.0,0.913892210948652,95107.0,1114.5107128287248
13048013,4.333596e-05,91.22914124,0.898518258264753,1083399.0,0.0334888268135014,1.0,0.896269070036755,89354.0,1103.3658068297461
13048014,4.313404e-05,90.91260529,0.828044624948323,1078351.0,0.0333607557960844,1.0,0.827949517334636,88523.0,1107.3329940827284
13048015,4.46254e-05,84.17036438,0.855168859977622,1115635.0,0.0320104178694981,1.0,0.851183558627439,83806.0,1115.2637168078709
13048016,4.563532e-05,79.46669769,0.903836384092267,1140883.0,0.0311925907627799,1.0,0.901934659810388,82241.0,1100.0771624045217
13048017,1.284804e-05,76.53390503,0.912898026088802,321201.0,0.0084388662256168,1.0,0.906811966520262,22211.0,1099.404788569001
13048018,4.780944e-05,69.008255,0.912795868701751,1195236.0,0.0286517838690095,1.0,0.909825658055379,74807.0,1098.998214854371
13048019,2.4371e-05,67.73208618,0.873020596281177,609275.0,0.0162410649161582,1.0,0.689865028842384,37243.0,875.5940341451508
13048030,1.90368e-05,263.72598267,0.899700594803155,475920.0,0.0373032772377166,1.0,0.89923019225455,114447.0,1096.1130156460777
13048031,2.507876e-05,210.52140808,0.907526729350653,626969.0,0.0396768560974515,1.0,0.907044429532296,116720.0,1130.2283342313162
13048032,4.93744e-06,174.33831787,0.901093150047102,123436.0,0.0064567571427112,1.0,0.892376905773557,18292.0,1165.0703032300382
13048040,3.569028e-05,150.50765991,0.911145039910173,892257.0,0.0413728191473437,1.0,0.90907201237206,109702.0,1221.3630971264847
13048041,2.21074e-05,134.5582428,1.0,552685.0,0.021714514745,1.0,1.0,59862.0,1242.3293979806554
13048042,3.908228e-05,125.64709473,0.909850987148602,977057.0,0.0385132085406556,1.0,0.907733261577789,94848.0,1291.3148718063703
13048043,2.414988e-05,114.45292664,0.889136986600016,603747.0,0.0218287059202918,1.0,0.886220611186628,53184.0,1295.0127974926254
13048044,6.06128e-06,109.08151245,0.905037817607206,151532.0,0.0052697572820613,1.0,0.905223989493652,12783.0,1293.3380217609388
13048045,9.54e-06,108.74959564,0.90755708674507,238500.0,0.0082645277521478,1.0,0.9054226766478,20130.0,1285.4336785270293
13048049,4.27126e-05,95.0255127,0.890663235534103,1067815.0,0.0328944110143904,1.0,0.88914764278842,81681.0,1240.153799279336
13048050,4.324044e-05,90.65010071,0.914832870825661,1081011.0,0.0319957450344144,1.0,0.912479038090784,80329.0,1216.7663177433838
13048051,4.992012e-05,85.57178497,0.897528092411802,1248003.0,0.0353100811725508,1.0,0.897836281700457,88550.0,1206.4428544689374
13048052,4.614308e-05,78.68508148,0.845679666347581,1153577.0,0.0300871087163688,1.0,0.843916390644253,74938.0,1208.7331212626098
13048053,4.592524e-05,77.90901184,0.896699116534534,1148131.0,0.0297189582556061,1.0,0.891196930884192,73668.0,1206.7774884517974
13048087,1.803872e-05,360.09820557,0.895504449007014,450968.0,0.0496822427737891,1.0,0.894682974548621,158932.0,1020.8378398623029
13048088,2.409536e-05,245.98327637,0.898873871894264,602384.0,0.0455900897603651,1.0,0.897078853666125,130294.0,1134.975418089882
13048089,2.815884e-05,200.69477844,0.903440115135828,703971.0,0.0440149528560253,1.0,0.901392799489432,120223.0,1172.5138874136799
13048090,3.105984e-05,171.83177185,0.910704305874236,776496.0,0.0420073719745006,1.0,0.908899914346203,112906.0,1179.4087409796768
13048091,3.298308e-05,152.32133484,0.878968470591397,824577.0,0.039913359525236,1.0,0.875737055082996,106043.0,1180.0770863937175
13048092,3.342164e-05,137.30459595,0.834226644377195,835541.0,9.24934967393277e-06,1.0,0.0002089754927388,98355.0,0.2921915811716755
13048093,8.6522e-06,119.23764801,0.828910221081613,216305.0,0.0013069974856994,1.0,0.1289972899729,22044.0,182.08016939079832
13049006,3.138476e-05,200.18565369,0.822420935083002,784619.0,6.3064786038737e-05,1.0,0.0009855711886614,186071.0,1.0115955768619496
13049007,1.37044e-06,150.6131897,0.316707559693414,34261.0,3.78126753062583e-08,1.0,6.91464035983626e-06,7058.0,0.015962192861422596
13049031,4.252184e-05,82.77916718,0.909903014379231,1063046.0,0.0302729176393352,1.0,0.907641953986226,85449.0,1027.2723152821145
13049032,1.971176e-05,79.46154022,0.909192183832071,492794.0,0.013482530461696,1.0,0.907553858740115,36889.0,1059.600664634395
13049035,4.472968e-05,77.21422577,0.854303437645441,1118242.0,0.0297164069246198,1.0,0.850315744407578,79711.0,1078.1592917303046
13049039,4.71588e-05,68.69824219,0.914801449609998,1178970.0,0.0282326725260475,1.0,0.911999799857398,73190.0,1103.226107347693
13049041,1.086296e-05,63.94635773,0.908701253180022,271574.0,0.0060759336104331,1.0,0.906202723146747,15846.0,1092.9205355170961
13049042,4.025712e-05,61.83962631,0.896877493724782,1006428.0,0.0219222611232389,1.0,0.894522350223021,55959.0,1109.2710852962991
13049044,3.743408e-05,58.85899734,0.746960427281528,935852.0,0.0194279099749442,1.0,0.743891076312705,49709.0,1103.5620587243532
13049045,4.947084e-05,56.94299698,0.910264384435286,1236771.0,0.024878946761637,1.0,0.907033569632481,64090.0,1094.952180359864
13049046,4.93732e-05,56.95700073,0.911812902561381,1234330.0,0.0249659329087698,1.0,0.909814361986891,63117.0,1111.4222910644185
13049047,4.975764e-05,54.92100143,0.854441432257789,1243941.0,0.0242463968865408,1.0,0.849610411372078,61048.0,1112.7671996024421
13049048,4.175376e-05,54.64899826,0.917188928252444,1043844.0,0.0203591126829679,1.0,0.914504919216536,50856.0,1118.414653948908
13049049,3.96284e-05,51.85100174,0.69969471872006,990710.0,0.0185292607008128,1.0,0.696632578196356,46704.0,1095.077371448754
13049072,1.725964e-05,394.09631348,0.895499358496409,431491.0,0.052895713331335,1.0,0.895247273339146,176336.0,964.0750794298433
13049073,2.590184e-05,241.61694336,0.894698459968234,647546.0,0.0488309840285921,1.0,0.893204183753626,144919.0,1077.8212484672792
13049080,3.323792e-05,166.32563782,0.899420792294856,830948.0,0.0443023741018559,1.0,0.89774946353923,121333.0,1136.9630209720613
13049081,3.490696e-05,149.5223999,0.895580924693709,872674.0,0.0420001688260659,1.0,0.892486373750766,115217.0,1128.5959629304912
13049082,4.256672e-05,133.66732788,0.878658891197762,1064168.0,0.0462867749088771,1.0,0.877851087848213,125570.0,1131.7489779202888
13049093,4.346276e-05,91.10319519,0.8720801673361,1086569.0,0.033108520466772,1.0,0.868730724316555,87348.0,1128.9292494350434
13049094,4.435632e-05,86.34493256,0.894536295326531,1108908.0,0.0322696607098041,1.0,0.892456564767979,85412.0,1118.4140180683776
13049096,1.78754e-05,81.85422516,0.870867905992675,446885.0,0.0123737842429502,1.0,0.870127353266888,31513.0,1159.7854748108064
13049098,4.641196e-05,76.8323822,0.896878193668221,1160299.0,0.0302247553800959,1.0,0.89281295172015,77480.0,1145.3853436418765
13049099,4.623564e-05,72.76434326,0.87823340583079,1155891.0,0.0287588234543112,1.0,0.876905254071735,77497.0,1083.6607037207355
13049101,4.734416e-05,68.4372406,0.895013506629956,1183604.0,0.0278269041752422,1.0,0.893196886710868,74607.0,1083.5200419093483
13050001,3.815944e-05,66.94293976,0.876446421272641,953986.0,0.0219624932412849,1.0,0.871185248608648,57229.0,1109.2150802851215
13050006,1.865096e-05,453.44662476,0.771294081518238,466274.0,0.0606361468462356,1.0,0.708758376718006,261967.0,741.649984879853
13050009,2.603292e-05,173.01353455,0.917660868288515,650823.0,0.0353331975179846,1.0,0.916439071062016,105855.0,1062.3141796420614
13050011,3.57484e-05,150.74295044,0.915482293898391,893710.0,0.0427786976563316,1.0,0.914830660067975,123161.0,1093.078077882242
13050012,3.791736e-05,136.32487488,0.917380667393345,947934.0,0.0413822716275324,1.0,0.916358276608053,116027.0,1112.5252285451847
13050015,4.13064e-06,114.99980927,0.896556247713689,103266.0,0.0038298597793573,1.0,0.888764432190246,10730.0,1097.1446200693308
13050016,6.50664e-06,112.18183136,0.894487568500437,162666.0,0.0059190744770671,1.0,0.889523498694517,16723.0,1085.1461637520708
13050020,4.345964e-05,100.06311035,0.913582435986007,1086491.0,0.0355957802231218,1.0,0.910240540939994,98880.0,1095.4690366683867
13050022,4.404244e-05,95.44646454,0.897398072381634,1101061.0,0.0345467271141676,1.0,0.893282380956863,95290.0,1097.810891208641
13050023,4.53254e-05,89.4931488,0.860248282231026,1133135.0,0.0336680439220661,1.0,0.859798716675579,90370.0,1121.5538725505903
13050028,2.972252e-05,80.80103302,0.916622022737877,743063.0,0.0201136757631464,1.0,0.912788541353915,51984.0,1150.1454030115356
13050029,4.283572e-05,77.49938202,0.907571346615298,1070893.0,0.0281095228370441,1.0,0.904503958908104,73308.0,1128.2949491074498
13050031,1.356372e-05,72.32710266,0.912172645287312,339093.0,0.0082927523830716,1.0,0.906961149993714,21892.0,1113.8997161791704
13050032,4.955468e-05,69.19876862,0.914313418996948,1238867.0,0.0291319212288154,1.0,0.913295578787023,74614.0,1147.675180390151
13050036,5.088096e-05,64.34376526,0.901881557313023,1272024.0,0.0278934436072762,1.0,0.897829660876547,70734.0,1151.9085487418836
13050037,2.025784e-05,62.17920303,0.915008233845733,506446.0,0.0107547464893026,1.0,0.909124529316837,27307.0,1145.783806072325
13050038,5.173548e-05,60.4811554,0.915567636174716,1293387.0,0.026763377455643,1.0,0.90932944606414,68832.0,1128.7272341780738
13050041,4.193976e-05,51.70600128,0.913921697713573,1048494.0,0.0188517816861971,1.0,0.912666022267569,51222.0,1056.9471319416884
13051006,2.388024e-05,315.64016724,0.890476979509623,597006.0,0.0600661378480814,1.0,0.888880228529562,228927.0,821.6644424303136
13051007,3.567076e-05,197.040802,0.904725782748802,891769.0,0.055529373161951,1.0,0.904016632192157,171896.0,1021.4149747063016
13051008,3.508584e-05,152.04997253,0.888180881712192,877146.0,0.04239027350365,1.0,0.888511672435378,121128.0,1101.4769254985267
13051009,3.803172e-05,135.04370117,0.907072343762548,950793.0,0.0409543340952266,1.0,0.905296421870371,110420.0,1160.5435527773618
13051010,3.978008e-05,124.55026245,0.916806200211298,994502.0,0.039848511807229,1.0,0.91500563136803,105207.0,1175.037958505087
13051011,4.173956e-05,113.45101166,0.858023262062944,1043489.0,0.0382538558805615,1.0,0.852760839822306,101318.0,1161.2823523508744
13051012,1.182844e-05,100.73802185,0.912383020198578,295711.0,0.0097369648818065,1.0,0.90868015108193,26138.0,1135.0693380621396
13051015,4.45118e-05,92.792099,0.9128742111594,1112795.0,0.0341820444075797,1.0,0.911723820667447,91508.0,1126.9884477476096
13051016,4.508196e-05,88.91152954,0.901725558127044,1127049.0,0.0333571627601281,1.0,0.898060919282967,88561.0,1126.911435690454
13051017,4.598488e-05,83.77264404,0.914769798887951,1149622.0,0.0322930601559373,1.0,0.913732713006633,86081.0,1117.525241189355
13051019,4.140684e-05,80.31111145,0.917109653595384,1035171.0,0.0279975682825577,1.0,0.913924618606042,73631.0,1125.1648221535722
13051020,4.708788e-05,77.59233856,0.914503491406644,1177197.0,0.0311232086372697,1.0,0.91439881817972,79481.0,1149.0924034113666
13051021,4.331976e-05,72.12121582,0.916602848110942,1082994.0,0.0267069654380466,1.0,0.915419407894737,67052.0,1163.365731711304
13051022,4.922776e-05,67.19866943,0.913094240625758,1230694.0,0.028315987879127,1.0,0.910522844543303,70669.0,1166.9629136995345
13051023,4.887904e-05,68.85703278,0.915976975897077,1221976.0,0.0288897461748002,1.0,0.913127487235921,71633.0,1170.9671167046206
13051024,2.79894e-05,64.72924042,0.915340851027961,699735.0,0.0155800545746947,1.0,0.911341570007796,38825.0,1161.504720951114
13051026,5.006068e-05,63.64228439,0.897237263910132,1251517.0,0.0276331548474985,1.0,0.896003145066177,68657.0,1158.510360707798
13051028,2.94368e-05,60.32624054,0.886121398678356,735920.0,0.0154223042179893,1.0,0.882518164302793,38237.0,1156.33450418238
13051069,3.99478e-05,107.85122681,0.890551804135944,998695.0,0.0337604103447631,1.0,0.890859533372307,117380.0,917.9391736417692
13051070,3.303548e-05,93.18370056,0.886894107354625,825887.0,0.0242872641739117,1.0,0.888263241245821,71029.0,1085.1625661193798
13051071,4.489316e-05,88.76751709,0.895433969913566,1122329.0,0.0316188435854419,1.0,0.892313288804907,88676.0,1119.571816504551
13051072,4.644024e-05,81.97206116,0.893924652770257,1161006.0,0.0304649732465838,1.0,0.891969396920213,82501.0,1151.0392855548653
13051073,4.73756e-05,77.62109375,0.89221539551896,1184390.0,0.0297308108947582,1.0,0.892626263769855,79157.0,1161.9437698061024
13051074,5.499136e-05,73.67195129,0.879545871236653,1374784.0,2.38138390777894e-05,1.0,0.0006330843338633,86869.0,0.8392181970138045
13051081,1.702472e-05,60.8766861,0.910152552779886,425618.0,0.0084006962294284,1.0,0.883196220575059,21908.0,1147.6547745258945
13051083,5.102832e-05,59.08200073,0.90183785171764,1275708.0,0.0252299270071475,1.0,0.900108532309234,64918.0,1158.7980618001773
13051084,3.143564e-05,58.7460022,1.0,785891.0,0.014533055111875,1.0,1.0,39857.0,1158.3399256080538
13051085,5.161592e-05,58.32600021,0.911533305127319,1290398.0,0.025384473411767,1.0,0.910040228193376,65120.0,1153.877045409046
13051086,5.208376e-05,56.22399902,0.903557832942452,1302094.0,0.0248643208290406,1.0,0.903800937612694,62858.0,1164.9850272098631
13051087,4.331844e-05,55.04200363,0.91636414713329,1082961.0,0.0203047603191557,1.0,0.913411631326283,51769.0,1147.7194040332727
13051091,5.270428e-05,51.15399933,0.911047221478333,1317607.0,0.0231146926241845,1.0,0.907631385068762,59354.0,1131.3164747210535
13051092,5.272996e-05,50.21299744,0.911420707659592,1318249.0,0.0227679271993679,1.0,0.907590044829185,58916.0,1118.7966985256503
13051093,5.29232e-05,49.58100128,0.915437200507741,1323080.0,0.0227190851833405,1.0,0.912332953889816,58724.0,1113.295805646826
13051099,3.11984e-05,184.08531189,0.858283813609052,779960.0,0.0016237532045702,1.0,0.031768125104492,150187.0,35.3850479186484
13051100,2.4668e-06,146.89405823,0.886311457240757,61670.0,0.0027314706374575,1.0,0.868823283082077,8740.0,1016.0424016953957
13052001,3.692472e-05,140.20175171,0.895818351910483,923118.0,0.0400669819509806,1.0,0.893578517221249,122921.0,1050.2612410238273
13052002,3.956948e-05,123.79009247,0.909215453383058,989237.0,0.0384047908871399,1.0,0.9085205210723,112461.0,1088.058462074758
13052003,4.138596e-05,112.17047882,0.895392136874437,1034649.0,0.0367460607229779,1.0,0.893599560049071,105693.0,1095.8599647084443
13052004,4.199136e-05,105.15812683,0.893322024710314,1049784.0,0.0353199711774117,1.0,0.892259486261277,103978.0,1060.4360016406645
13052005,3.355432e-05,100.715271,0.913246639808335,838858.0,0.0270846534053074,1.0,0.910142922465442,77982.0,1079.7194387548957
13052009,9.4884e-06,84.81652832,0.907416094285819,237210.0,0.0065283048159375,1.0,0.899184291505886,18721.0,1064.9437665235412
13052010,4.588732e-05,83.45298767,0.90565184586478,1147183.0,0.0313957887318395,1.0,0.903312399210713,90523.0,1054.853986485923
13052011,4.600384e-05,80.1015625,0.908263160921856,1150096.0,0.0304774839487514,1.0,0.907058373898701,90537.0,1016.1843879724438
13052012,4.644644e-05,77.48586273,0.900953382272042,1161161.0,0.0298573601462333,1.0,0.899892814528687,89274.0,1006.6497348563689
13052013,4.67492e-05,74.0247345,0.902607061622525,1168730.0,0.0288956811321832,1.0,0.898925530952548,89775.0,959.7555340556697
13052014,4.773472e-05,68.19547272,0.892606935239964,1193368.0,0.027506827495562,1.0,0.891466162603189,83803.0,969.8732313141224
13052015,9.5012e-06,66.49881744,0.909279361431401,237530.0,0.0053750305410005,1.0,0.905511811023622,16634.0,945.6544695025489
13052016,3.956824e-05,59.86100006,0.913421475572193,989206.0,0.0202390681971879,1.0,0.908358138575344,61948.0,950.581403458644
13052017,4.998092e-05,57.0320015,0.899946775129536,1249523.0,0.024680688747178,1.0,0.898077106366756,75662.0,939.9004364826012
13052018,5.056188e-05,50.5739975,0.912800645590843,1264047.0,0.0227071572773202,1.0,0.912486987160665,68625.0,931.2341388470924
13052019,5.143044e-05,49.77200317,0.894349147526873,1285761.0,0.022055063684967,1.0,0.892320844996622,64910.0,983.6660907929947
13052020,4.9546e-05,58.91399765,0.910237005311154,1238650.0,0.0258044871634126,1.0,0.909533273110509,75771.0,962.3392179588348
13052036,8.52868e-06,278.94442749,0.7927215626823,213217.0,0.0186985085070441,1.0,0.796033386114168,59872.0,997.5309142307303
13052037,2.321476e-05,248.41874695,0.84207544021038,580369.0,0.045367418930454,1.0,0.842185391715524,141418.0,1019.625259244905
13052039,2.694608e-05,202.30296326,0.912416181446825,673652.0,0.0432085351805638,1.0,0.910053064744836,124692.0,1090.116704438603
13052042,3.063028e-05,158.1178894,0.907586971613922,765757.0,0.038839880392007,1.0,0.905860028836115,109737.0,1101.2647663566142
13052043,3.220572e-05,145.50126648,0.906554599264397,805143.0,0.0379796208735141,1.0,0.9051416759969,105549.0,1108.1747954726331
13052045,3.361608e-05,133.16499329,0.912330989719751,840402.0,0.036453041277163,1.0,0.908981871452115,99649.0,1118.9405137973445
13052046,3.302388e-05,126.1107254,0.875236623117059,825597.0,0.0337749550084459,1.0,0.862464475158068,93550.0,1096.7106777448869
13052047,2.31812e-06,114.91175842,0.885411564970528,57953.0,0.0021698241838747,1.0,0.8728125,5898.0,1113.041588408813
13052048,3.583752e-05,112.08132172,0.890150587383966,895938.0,0.0332571667971856,1.0,0.88823890127218,91606.0,1093.8394630257567
13052050,3.729684e-05,104.00299835,0.849430381536311,932421.0,0.0323861897957165,1.0,0.850178739234473,88099.0,1101.7152909506294
13052051,3.758736e-05,102.40844727,0.884254873507288,939684.0,0.0320914323260153,1.0,0.881017572537801,86510.0,1108.3027485528369
13052052,3.83902e-05,96.46930695,0.868962875490172,959755.0,0.031237409126211,1.0,0.868671166706659,83611.0,1106.9813599693744
13052053,3.343112e-05,92.85760498,0.525144519559627,835778.0,0.0260090425008397,1.0,0.521581608914856,68654.0,1122.7575898191055
13052056,1.232436e-05,85.38624573,1.0,308109.0,0.00845678651,1.0,1.0,23640.0,1112.8710146203287
13052061,1.880552e-05,79.94171906,0.81851094873338,470138.0,0.000813813656356,1.0,0.0518422141326899,33984.0,70.04600841086791
13052088,1.984696e-05,320.19262695,0.908395218395012,496174.0,0.0489834868318527,1.0,0.907294742474386,137782.0,1151.665615300628
13053004,2.385728e-05,244.54724121,0.910578527587458,596432.0,0.0455016752907005,1.0,0.909222868174215,123839.0,1176.0322001923928
13053005,2.661028e-05,201.66056824,0.88947902224478,665257.0,0.0421642125509523,1.0,0.887936095917926,115325.0,1161.2693868160363
13053006,2.851312e-05,184.31221008,0.913661463140556,712828.0,0.0415581693628641,1.0,0.912663719711853,111874.0,1173.100365989708
13053007,3.123828e-05,154.1973877,0.908725097882987,780957.0,0.0385694392238364,1.0,0.905859193053688,103452.0,1160.3617926998786
13053012,3.319664e-05,137.61489868,0.909562396944165,829916.0,0.0370430788146376,1.0,0.909430153527048,98564.0,1158.5589177167458
13053013,2.520284e-05,129.14170837,0.916305472486348,630071.0,0.0265141892658085,1.0,0.914299732145225,69287.0,1171.797515482192
13053015,3.502852e-05,120.79118347,0.886825756785967,875713.0,0.0345921547488845,1.0,0.885040842436768,90295.0,1169.1179957610811
13053023,2.623824e-05,106.67500305,0.88622062651314,655956.0,0.0230971883338832,1.0,0.877231353124698,54859.0,1262.5883495153848
13053027,3.96068e-05,87.39974213,0.900817469747142,990170.0,0.0291011215390032,1.0,0.89931092183088,77688.0,1112.0877119331947
13053028,4.024496e-05,85.14070892,0.837813270785737,1006124.0,0.0288217807463962,1.0,0.834140248485652,75772.0,1125.5683224217973
13053029,1.801532e-05,81.95514679,0.85257829504392,450383.0,0.0124684538296359,1.0,0.807921137138732,32737.0,1068.4496024277316
13054010,2.483092e-05,240.56265259,0.915669869699762,620773.0,0.0467767460033473,1.0,0.911850466157214,120871.0,1230.3356513849556
13054023,8.76424e-06,105.0869751,0.90742610149276,219106.0,0.0078753103682292,1.0,0.906732378649805,19531.0,1178.0033855368088
13054043,2.904668e-05,193.89753723,0.911601326966105,726167.0,0.0414836172438834,1.0,0.910488183675187,119496.0,1176.8599921828672
13054044,3.103256e-05,171.97210693,0.905743510269017,775814.0,0.0398847068317141,1.0,0.903909154037825,111002.0,1199.5113847986286
13054050,1.193128e-05,132.41625977,1.0,298282.0,0.01136213102125,1.0,1.0,31566.0,1251.2635999719682
13054056,1.5576e-07,126.90994263,0.0138306022715811,3894.0,0.0001399203511376,1.0,0.0129047487901798,732.0,629.9251908864086
13054058,2.961588e-05,124.42455292,0.879113725022347,740397.0,0.0283672610726246,1.0,0.87015595463138,73949.0,1233.0777742722817
13054060,3.448112e-05,111.65499115,0.86224468669032,862028.0,0.0302800833068365,1.0,0.860491786690053,76830.0,1250.215512983527
13054061,3.523928e-05,104.73914337,0.891786988347342,880982.0,0.0292438256923171,1.0,0.889783684229533,74054.0,1243.2281565068906
13054062,3.58062e-05,100.95716858,0.891590406090717,895155.0,0.0290759772819152,1.0,0.889076081648599,73043.0,1233.759022912954
13054063,4.392456e-05,93.23719788,0.778462109945165,1098114.0,0.0334583747100202,1.0,0.778214652468753,84383.0,1212.951970820949
13054064,4.441088e-05,89.44550323,0.891565091083742,1110272.0,0.0323360361503873,1.0,0.889994600015429,81067.0,1222.8638698605416
13054065,4.511516e-05,84.68032837,0.858246156419184,1127879.0,0.0313172427205569,1.0,0.856446552828407,79161.0,1203.9880343659274
13054066,2.048888e-05,81.73968506,0.882141297865431,512222.0,0.0137580543361371,1.0,0.877341727166574,34897.0,1193.2562703233657
13054068,4.659844e-05,77.85690308,0.843573823382631,1164961.0,0.0300208481950953,1.0,0.840994567488508,72729.0,1243.2858492051223
13054069,4.701664e-05,74.62657928,0.872167729884896,1175416.0,0.0294706435268028,1.0,0.870625496760519,72574.0,1206.5225421277391
13054070,4.774052e-05,70.52972412,0.843187212998017,1193513.0,0.0284764792971697,1.0,0.841587694652126,70933.0,1184.4763010938939
13054071,4.196908e-05,67.01004028,0.854222154467207,1049227.0,0.023766749978766,1.0,0.842327391341669,59108.0,1172.9328915903106
13054083,1.695776e-05,401.75823975,0.861298003162616,423944.0,0.0513048448145848,1.0,0.86205713155614,148775.0,1145.8451621002423
13054084,2.085072e-05,308.26992798,0.848667264641402,521268.0,0.0489851441915232,1.0,0.846435663474348,134762.0,1189.2722383650355
13054085,2.381076e-05,255.31814575,0.881030981379767,595269.0,0.047022666451063,1.0,0.878240266932103,125819.0,1204.1230879368543
13055001,2.824156e-05,217.15266418,0.861452686392869,706039.0,0.0459491528260593,1.0,0.821811814229522,95739.0,1527.7275723980551
13055004,1.60896e-05,173.78787231,0.82756768277949,402240.0,0.0222439060308332,1.0,0.823801869057025,60807.0,1144.380357872989
13055006,2.688412e-05,151.62420654,0.85911292011898,672103.0,0.0327912592378957,1.0,0.855801898697315,88339.0,1149.1451585266861
13055007,2.773696e-05,141.19432068,0.829517535118139,693424.0,0.0317973214445561,1.0,0.828158255342721,85588.0,1142.0654241970292
13055008,2.884968e-05,133.32843018,0.852065263985653,721242.0,0.0316077023214034,1.0,0.854884083862092,83615.0,1153.862213260052
13055009,2.997528e-05,127.0605011,0.908133161867533,749382.0,0.0312555032944861,1.0,0.903959455903719,79332.0,1194.7164264785918
13055010,3.107356e-05,118.87779999,0.893769326831661,776839.0,0.0304888097747433,1.0,0.891492974783661,77019.0,1195.9867914796146
13055011,3.210316e-05,111.20101166,0.83066847621533,802579.0,0.0296929033364658,1.0,0.82960235309967,74197.0,1201.3026366389786
13055014,5.105e-06,100.81009674,0.563162479205938,127625.0,0.0041938281416368,1.0,0.546283095723014,11023.0,1132.2022897720283
13055016,3.412128e-05,92.98677826,0.831177695496602,853032.0,0.0267983298359951,1.0,0.828051966729787,69444.0,1137.929897963834
13055017,3.533996e-05,87.2251358,0.843922582144596,883499.0,0.026197659513478,1.0,0.842041187702639,65879.0,1167.162821838364
13055018,3.593572e-05,83.10948181,0.891068089759022,898393.0,0.0254238486052065,1.0,0.88782538307511,62782.0,1184.945711068349
13055019,3.646488e-05,80.66860962,0.844632277686091,911622.0,0.02515779941084,1.0,0.840301349449458,61175.0,1195.949324844683
13055020,3.713832e-05,77.48753357,0.855840260752284,928458.0,0.0247210710975671,1.0,0.852154945039278,59970.0,1194.4993203848387
13055021,3.770004e-05,75.05553436,0.855151992315088,942501.0,0.024440351981555,1.0,0.854210275584299,59407.0,1189.4560483108005
13055022,3.809476e-05,72.40496826,0.904819529769431,952369.0,0.0240300725729741,1.0,0.903344221496345,58309.0,1180.6721784535853
13055023,6.7168e-06,71.46490479,0.671932950604162,167920.0,0.0041675013879881,1.0,0.668342045302238,10242.0,1165.4222844752262
13055024,6.50936e-06,69.57241058,0.782386083572988,162734.0,0.0038943689279962,1.0,0.771397434822701,9483.0,1177.136086180553
13055034,2.414432e-05,201.90278625,0.83797266064583,603608.0,0.0351351917680091,1.0,0.837062977589019,101518.0,1199.1749019877996
13055035,3.537996e-05,146.4907074,0.847410738388741,884499.0,0.0376952670670251,1.0,0.846623062248513,105972.0,1221.553305270097
13055036,3.92394e-05,116.78955078,0.841539375499494,980985.0,0.033717637214795,1.0,0.840653071029625,98343.0,1163.7649275287267
13055037,4.280712e-05,97.18654633,0.876422108461488,1070178.0,0.030815580959885,1.0,0.874650837988827,88035.0,1179.0390559123066
13055038,4.61488e-05,83.43492889,0.849524146267616,1153720.0,0.0288335938664166,1.0,0.847535033013432,78735.0,1219.7263920277549
13055039,1.691148e-05,75.81123352,0.752585165612764,422787.0,0.009669806117332,1.0,0.748631145946246,27248.0,1170.1264471376483
13055068,2.287316e-05,272.18835449,0.887919988268976,571829.0,0.0468042566393042,1.0,0.885059726065786,126866.0,1222.8951312600473
13055069,2.484292e-05,239.3374939,0.845127330000282,621073.0,0.0451547936507496,1.0,0.843763610529998,118582.0,1251.5069420543448
13055070,5.29556e-06,210.47105408,0.848695262613488,132389.0,0.0085383674781111,1.0,0.848507173322993,22361.0,1245.8242967587082
13055071,2.798924e-05,200.00547791,0.835567325807484,699731.0,0.0433248414564202,1.0,0.83380163493455,111642.0,1250.91180450276
13055073,3.090112e-05,167.30015564,0.833612243826787,772528.0,0.0407310852825373,1.0,0.832321632796692,104430.0,1235.6981427219603
13055075,3.289492e-05,149.99066162,0.847734953471775,822373.0,0.0393136645035921,1.0,0.847123753283093,99085.0,1243.9757652243295
13055076,2.257024e-05,149.46517944,0.853211171021801,564256.0,0.0269336314025408,1.0,0.847612411974021,68191.0,1228.654934119571
13055080,3.48594e-05,125.99928284,0.83887387337331,871485.0,0.0360559198752872,1.0,0.836755105868065,94039.0,1164.720420847588
13056004,3.702e-06,246.39601135,0.75067468580996,92550.0,0.0069682063053254,1.0,0.736203509013822,21819.0,1024.9941016773655
13056005,2.858612e-05,132.19416809,0.829069854112662,714653.0,0.0294329561821844,1.0,0.828208337344758,86453.0,1091.6311580375302
13056007,1.823132e-05,111.89354706,0.777060746026092,455783.0,0.0158965759779961,1.0,0.775381530199517,45936.0,1107.8232357174627
13056008,2.678364e-05,103.79283142,0.800477360995569,669591.0,0.0217432785023443,1.0,0.799338993099794,63633.0,1090.6276748234748
13056017,1.836116e-05,345.88760376,0.874576874025789,459029.0,0.0465973239149739,1.0,0.87452387582156,167187.0,949.6122274219478
13056020,2.981888e-05,182.43685913,0.852714160460374,745472.0,0.0400147975831692,1.0,0.850573481262261,127466.0,1064.2849687699413
13056021,3.48144e-05,135.90299988,0.8209763070145,870360.0,0.0351964466336577,1.0,0.819893412221173,110750.0,1066.6231492318516
13056022,3.85152e-05,111.9569397,0.842264410377558,962880.0,0.0323201931925368,1.0,0.840332097100472,100160.0,1073.8197091136942
13056023,4.091032e-05,99.03942871,0.839381972762894,1022758.0,0.0305206683436022,1.0,0.839809997738068,93235.0,1086.9847206104046
13056024,4.301936e-05,87.47920227,0.830756877897669,1075484.0,0.0284316227341621,1.0,0.827042522694697,86871.0,1078.171483341691
13056025,9.12668e-06,77.74031067,0.640112387795136,228167.0,0.0050271662831632,1.0,0.594626125633454,16636.0,990.462293912146
13056026,1.305868e-05,74.28218842,0.724796344991666,326467.0,0.0073958938153437,1.0,0.723330612244898,22504.0,1075.4373363189786
13056027,4.664548e-05,72.9991684,0.844416557012038,1166137.0,0.0260696569481681,1.0,0.843829481967783,77903.0,1091.9713904884293
13056028,4.849752e-05,64.28666687,0.861194651839417,1212438.0,0.0239439562507496,1.0,0.856575990820863,71944.0,1077.582280452909
13056029,4.929428e-05,60.58666611,0.852492779025055,1232357.0,0.0231735808162561,1.0,0.84887301391797,69179.0,1074.7100993388487
13056030,4.983888e-05,57.51666641,0.842438851298334,1245972.0,0.0223428466939427,1.0,0.840233076434628,67727.0,1055.3622064472431
13056031,5.034504e-05,54.58222198,0.890451888554216,1258626.0,0.0216313962028127,1.0,0.889686452913454,65585.0,1046.573914086498
13056032,9.90376e-06,51.34666824,0.63400201155725,247594.0,0.0040078061496663,1.0,0.631917153478492,12113.0,1046.0927112920738
13056033,5.132408e-05,51.11000061,0.844489130466099,1283102.0,0.0207132078043174,1.0,0.842135809634359,62585.0,1044.924428650479
13057005,1.746656e-05,372.31109619,0.888173851182635,436664.0,0.0496112094458552,1.0,0.886480775861307,201370.0,805.804962543984
13057006,1.74164e-05,273.26773071,0.825756922121917,435410.0,0.0363960834160976,1.0,0.828809517429865,123840.0,964.3358509392115
13057007,2.547452e-05,244.53016663,0.844331690730631,636863.0,0.0479940000340154,1.0,0.843645402906641,155290.0,1002.0325429473719
13057008,2.861772e-05,208.41246033,0.905476295089539,715443.0,0.0465216792115455,1.0,0.902488013879647,145667.0,1020.2389524679036
13057009,3.062856e-05,187.51423645,0.84856837603681,765714.0,0.0451093143914653,1.0,0.847035550495188,133677.0,1072.1583655113243
13057010,3.115408e-05,175.98875427,0.905920023978649,778852.0,0.0434306095765845,1.0,0.902176726192909,132909.0,1027.039687680804
13057011,6.71272e-06,161.46565247,0.667498158099183,167818.0,0.008698853083256,1.0,0.668663653970303,26385.0,1028.7722472447854
13057014,3.55788e-05,140.67300415,0.907644611799651,889470.0,0.0404191418475025,1.0,0.905002849002849,119551.0,1043.5733174915074
13057015,3.72288e-05,131.73686218,0.853755591265295,930720.0,0.0398204560236972,1.0,0.852144769068616,112758.0,1085.3225302706057
13057016,3.748252e-05,126.18146515,0.866029111322227,937063.0,0.0386604740472119,1.0,0.86165767502113,109399.0,1075.358503204976
13057017,3.724356e-05,126.18146515,0.848602450691274,931089.0,0.0388804972487336,1.0,0.848056068791855,109139.0,1075.788943058662
13057018,3.757572e-05,126.18146515,0.866943277796776,939393.0,0.0394651378340464,1.0,0.866473847220799,110256.0,1074.4975472091887
13057019,1.923424e-05,126.18146515,0.820945335143723,480856.0,0.0196310625931205,1.0,0.792929946377999,55493.0,1056.0706722740056
13057021,3.747632e-05,126.18146515,0.90201738532378,936908.0,0.0397556312411024,1.0,0.900905678513129,109058.0,1082.6782203930893
13057022,3.752172e-05,126.18146515,0.867337633164984,938043.0,0.0399193129911803,1.0,0.864567366874479,109193.0,1080.523367128328
13057023,3.746544e-05,126.18146515,0.875128876395991,936636.0,0.0401735706566515,1.0,0.872525299616587,108871.0,1082.3312902680873
13057024,3.720912e-05,126.18146515,0.92010501890576,930228.0,0.0402503896737983,1.0,0.918785938704132,108755.0,1077.7367227490154
13057025,3.762776e-05,126.18146515,0.929167596916649,940694.0,0.0408457517923438,1.0,0.92783699812898,108388.0,1093.5543371763972
13057026,3.753384e-05,126.18146515,0.931788921686231,938346.0,0.0410095629890528,1.0,0.928948057616761,106689.0,1106.4016549269136
13057027,9.87644e-06,126.18146515,0.80824679783984,246911.0,0.0107594165091268,1.0,0.802936883805439,27198.0,1137.9847713974239
13057042,2.839736e-05,190.8767395,0.85667160585768,709934.0,0.0411084968423806,1.0,0.856578856953667,137166.0,987.8192554153356
13057044,3.334652e-05,159.31033325,0.872767832151915,833663.0,0.0410885112801514,1.0,0.871315257326764,122799.0,1079.73264135936
13057045,3.435084e-05,149.26261902,0.885769293536945,858771.0,0.0400418847649549,1.0,0.882805996565249,118150.0,1081.2829517287557
13057046,3.5251e-05,139.15951538,0.844944081100983,881275.0,0.038951250987902,1.0,0.844213082186741,115080.0,1064.7523676499832
13057047,2.690448e-05,131.92698669,0.843996669909178,672612.0,0.0281243050453728,1.0,0.836726739355646,81954.0,1073.4232895002888
13057048,2.92768e-05,120.35573578,0.88137093974822,731920.0,0.0282642905961324,1.0,0.877521300643366,81087.0,1081.6284799562839
13057049,3.881032e-05,115.66257477,0.845599096714191,970258.0,0.0364573548379948,1.0,0.845483844976231,105268.0,1065.9197761231776
13057050,3.984208e-05,109.41094971,0.868511195840914,996052.0,0.0354221607568308,1.0,0.864816131213482,100150.0,1083.5281695936299
13057051,4.039576e-05,104.48867798,0.848586554486529,1009894.0,0.0347951558852031,1.0,0.84860973401733,98789.0,1068.18948825376
13057052,4.171356e-05,99.34923553,0.8817161753836,1042839.0,0.0342611314736722,1.0,0.880500464094259,93326.0,1108.61288795491
13057053,4.644912e-05,95.53460693,0.814749533805079,1161228.0,0.0368109813535581,1.0,0.810284772695756,99643.0,1107.2481989178066
13057055,4.345744e-05,87.30447388,0.839847457202346,1086436.0,0.0318295623548028,1.0,0.838302860708276,88952.0,1064.3524562454784
13057056,4.37626e-05,84.2700882,0.854407353695012,1094065.0,0.0310826695980347,1.0,0.853703151406701,86145.0,1069.371006376061
13057057,4.477012e-05,81.06577301,0.87241120204586,1119253.0,0.0306681304081953,1.0,0.871164212045329,82429.0,1099.1692162635825
13057058,2.223436e-05,78.53154755,0.882454865322398,555859.0,0.0146831302134691,1.0,0.873784094109491,40563.0,1065.5905563198633
13058002,4.687132e-05,70.06945801,0.905516919571838,1171783.0,0.0281419029146511,1.0,0.904542156781122,76340.0,1074.3753571463028
13058003,4.695836e-05,68.12685394,0.888094007899286,1173959.0,0.0275726895577215,1.0,0.844748263888889,78119.0,973.8295672265396
13058008,1.620808e-05,482.7958374,0.866050335165566,405202.0,0.0496477962042115,1.0,0.743747167360517,159718.0,1051.8732834312423
13058013,2.310732e-05,307.99230957,0.838894068858898,577683.0,0.0544650605227926,1.0,0.838463446056698,139087.0,1278.5565159098578
13058014,2.579564e-05,262.13729858,0.871063930815343,644891.0,0.0525499507362663,1.0,0.871430472388556,131434.0,1286.737985901101
13058015,1.248512e-05,237.18357849,0.796482183466081,312128.0,0.0222158810937311,1.0,0.760841283607979,56575.0,1250.0022311965056
13058016,2.974604e-05,212.79771423,0.872591864639438,743651.0,0.0499529268317235,1.0,0.871352240032881,120983.0,1306.1539491427702
13058017,3.163172e-05,194.14602661,0.903572022339037,790793.0,0.0488101114247559,1.0,0.901213864225877,115363.0,1327.3634987971482
13058018,3.257048e-05,182.48477173,0.867236619058634,814262.0,0.0477062793386163,1.0,0.864239147962435,112927.0,1311.2615680256195
13058020,3.5496e-05,159.21405029,0.89447323920595,887400.0,0.0461024381847106,1.0,0.893240982009807,107597.0,1311.2996366416291
13058022,3.1104e-07,63.3694725,0.0733687880546104,7776.0,0.0016730173786717,1.0,0.370829727910778,3857.0,645.7284217495549
13058023,3.264608e-05,126.53569031,0.892144274023318,816152.0,0.0340181274964606,1.0,0.8896381313073,77378.0,1330.898343174794
13058025,4.317512e-05,117.18135834,0.853677813905392,1079378.0,0.0418696451029747,1.0,0.851043755159807,94089.0,1340.1429673517584
13058026,4.436584e-05,109.32720184,0.870019357100694,1109146.0,0.0402902720322562,1.0,0.867879769446959,91420.0,1323.1417787890587
13058028,4.572124e-05,104.13871765,0.911708676803153,1143031.0,0.0398577850618073,1.0,0.908961403652612,88981.0,1333.7127620935325
13058029,4.646032e-05,100.40263367,0.861012643310759,1161508.0,0.0393008332085593,1.0,0.861226338380459,83968.0,1389.1888077744331
13058031,4.816624e-05,95.22550201,0.85470462539739,1204156.0,0.038793663081664,1.0,0.854941137544961,80352.0,1427.4453634398049
13058032,2.38192e-05,90.6503067,0.860666911253158,595480.0,0.0182132638858272,1.0,0.821901775461532,37439.0,1376.8829729027016
13059036,4.586e-07,268.81176758,0.347184161030252,11465.0,0.0009529300843782,1.0,0.34894578313253,2990.0,1035.974815486886
13060007,1.632064e-05,150.02429199,0.757959804595617,408016.0,0.0185376130245434,1.0,0.759385740724421,68900.0,890.0938917237038
13060008,3.80958e-05,139.65133667,0.833535884154443,952395.0,0.0404017642454596,1.0,0.832741326262601,133681.0,993.9815761416216
13060010,2.57868e-06,118.03117371,0.395571676008365,64467.0,0.0023865128383096,1.0,0.399243621585008,7504.0,1023.420613319328
13060011,4.564088e-05,115.33316803,0.856819478114755,1141022.0,0.0409050274322795,1.0,0.854973139381694,125647.0,1045.1033890048554
13061024,3.89332e-05,156.50782776,0.842211297499213,973330.0,0.0462215563370192,1.0,0.841995297479092,141618.0,1075.3908069518125
13061025,3.363232e-05,138.32955933,0.816064606657328,840808.0,0.0357850782198131,1.0,0.814954098828263,109053.0,1065.081440807849
13061029,4.283728e-05,126.36411285,0.84467409280794,1070932.0,0.0424643630716886,1.0,0.844310703266728,127916.0,1057.4842282863438
13061030,4.507848e-05,112.96030426,0.78567792297311,1126962.0,0.0404251207422143,1.0,0.785542948900093,119369.0,1066.274332573332
13061031,4.56344e-05,106.90515137,0.759685182552771,1140860.0,0.0391959750778611,1.0,0.754615319542145,116258.0,1042.0776962572443
13061035,2.704844e-05,98.55915833,0.904368654499488,676211.0,0.0134394295753482,1.0,0.555104724498006,64576.0,633.4866972261534
13061053,3.987732e-05,188.24597168,0.873430854132728,996933.0,0.0567699871818489,1.0,0.871821912578736,182824.0,1024.6079184498042
13061054,4.993588e-05,162.42478943,0.878327360528118,1248397.0,0.0635344240312268,1.0,0.876897089056792,201434.0,1004.9963136040519
13061055,5.42284e-05,140.2411499,0.826339398894879,1355710.0,0.0609724513795741,1.0,0.823426687913383,188926.0,1002.8062054621037
13061056,4.359064e-05,124.89060974,0.891420452707762,1089766.0,0.0449274285800076,1.0,0.890237913699745,134412.0,1011.2266082436106
13061059,4.807656e-05,115.47692871,0.859440350354256,1201914.0,0.0480202736895098,1.0,0.856961373189551,146858.0,942.3592898819641
13061060,5.923172e-05,108.45419312,0.533546596177139,1480793.0,0.05556011111011,1.0,0.53257118339479,171712.0,933.5667250617125
13061061,6.921872e-05,77.03803253,0.893318480097912,1730468.0,0.0443643894014325,1.0,0.893362789963705,141632.0,941.3018423328788
13062001,5.12562e-05,79.72080994,0.872509676767353,1281405.0,0.03423123200053,1.0,0.869903893978533,108839.0,935.7818042617528
13062002,2.49446e-05,75.71261597,0.847867071271432,623615.0,0.015939426598928,1.0,0.844682000878171,50414.0,933.0375427571443
13062004,5.276232e-05,72.19208527,0.856867403340404,1319058.0,0.0325558158852555,1.0,0.854272403763616,102839.0,923.1629988286442
13062005,5.306488e-05,70.42845917,0.854262988526534,1326622.0,0.0321118495092925,1.0,0.851460608857665,99990.0,931.3475663474183
13062006,5.49484e-05,65.11053467,0.856940705840878,1373710.0,0.0306501611545444,1.0,0.854154257143373,94929.0,939.1456523107528
13062007,5.555168e-05,62.72862244,0.886416126656281,1388792.0,0.0301777746958627,1.0,0.841861048407324,94317.0,877.234584565972
13062013,3.201784e-05,203.96942139,0.845014354204389,800446.0,0.0502569941256747,1.0,0.844770266814423,169077.0,965.3551161802332
13062014,1.56192e-06,181.67301941,0.910027868085208,39048.0,0.0001227351388773,1.0,0.0507179605313676,7190.0,54.98793717741014
13062025,2.047388e-05,402.04208374,0.895540221354881,511847.0,0.0612273994406144,1.0,0.894214683110921,207129.0,992.0360847095518
13062026,3.124328e-05,267.20117188,0.897406072550312,781082.0,0.0627414419475096,1.0,0.895257115637578,205536.0,1012.9916496196905
13062027,2.93512e-05,212.4016571,0.813792409554266,733780.0,0.0475153341371702,1.0,0.810458843010523,151800.0,1022.5141578253027
13062028,3.47108e-05,185.87257385,0.865205344933516,867770.0,0.0500618123493971,1.0,0.864447844243239,159284.0,1011.7364421374568
13062029,3.806144e-05,166.74478149,0.882265144582855,951536.0,0.0500148752697989,1.0,0.879486904916222,156501.0,1010.6263404966264
13062031,2.287528e-05,151.77127075,1.0,571882.0,0.0268692701,1.0,1.0,85058.0,1020.4243911102013
13062045,1.433044e-05,121.46273041,0.741178919371121,358261.0,0.0141609195389303,1.0,0.740925870321635,42162.0,1031.7466556472925
13062046,2.149476e-05,119.49764252,0.807695893532797,537369.0,3.35552437533968e-06,1.0,0.0001292467999943,63321.0,0.16227667705632493
13062049,4.204808e-05,110.30853271,0.854708445217834,1051202.0,0.0382062206082199,1.0,0.852690471308474,116854.0,989.9770294594764
13062050,4.331808e-05,103.86470795,0.905694356251475,1082952.0,0.0373327933502754,1.0,0.902681833410443,113603.0,986.825702710762
13062052,9.50652e-06,98.86126709,1.0,237663.0,0.0076797987,1.0,1.0,23922.0,982.1781339524567
13062059,5.490064e-05,91.91693878,0.863160537865185,1372516.0,0.042678361976521,1.0,0.861359600187495,130796.0,962.5236889898454
13062060,1.053972e-05,87.2385788,0.88693843533139,263493.0,0.0077278850772439,1.0,0.878460676256305,23873.0,953.6730630848765
13062061,3.223972e-05,86.89533997,0.843545540954666,805993.0,0.0237164399264946,1.0,0.839684261545918,73116.0,953.504641856385
13062062,6.139344e-05,83.8600235,0.84988739099203,1534836.0,0.044010485668702,1.0,0.849190667983889,134369.0,957.1096581748532
13062063,5.73038e-05,79.67420959,0.889994621586314,1432595.0,0.0393025032107731,1.0,0.878999320508231,120678.0,934.1449020296584
13063006,1.012744e-05,88.1625824,0.744454369380078,253186.0,0.0072431000168049,1.0,0.754638979305757,32019.0,706.6711751308355
13063009,3.131576e-05,193.10473633,0.839717049186269,782894.0,0.0453791486865337,1.0,0.839857859799043,158201.0,955.7834061218579
13063010,3.36108e-05,170.4680481,0.841478034445315,840270.0,0.0435072432862677,1.0,0.839671445158472,146670.0,974.5119189085035
13063011,3.585576e-05,155.17002869,0.849785361923154,896394.0,0.0427498144472885,1.0,0.848418341435101,140878.0,985.744600258949
13063012,8.00536e-06,143.63874817,0.667861234319219,200134.0,4.13057452595086e-07,1.0,3.09071468462882e-05,31920.0,0.04167755988340776
13063020,5.1914e-06,129.86300659,0.574268574851528,129785.0,0.0050749109790443,1.0,0.548160084185603,17150.0,938.0763500406208
13063022,3.964548e-05,126.06015778,0.854199630018144,991137.0,0.0395856289634359,1.0,0.852351255688522,126898.0,982.4625039113587
13063023,4.095984e-05,118.02629089,0.866938156967201,1023996.0,0.0387207447382026,1.0,0.866919991258187,123450.0,978.9867745160866
13063030,4.261792e-05,107.27760315,0.843464045134211,1065448.0,0.0372620245852595,1.0,0.841978085770263,116473.0,979.6033740941039
13063031,4.353244e-05,101.19821167,0.90425152575769,1088311.0,0.0362417697649097,1.0,0.903278294325104,113085.0,972.8663418476573
13063032,4.386188e-05,96.22055817,0.879999132379753,1096547.0,0.0349362161440076,1.0,0.877558621454779,111116.0,946.9180980890368
13063034,6.004108e-05,91.31246948,1.0,1501027.0,0.04486940924625,1.0,1.0,145947.0,939.125039405784
13063035,6.044784e-05,86.1239624,1.0,1511196.0,0.0430962181125,1.0,1.0,139155.0,935.2893355109798
13063036,7.56698e-05,80.97511292,0.870527042930148,1891745.0,0.0524129901072308,1.0,0.869689732481147,166809.0,917.438062449403
13063051,2.868712e-05,222.09994507,1.0,717178.0,0.0453462875025,1.0,1.0,186510.0,854.0303169021096
13063053,5.076548e-05,141.81045532,1.0,1269137.0,0.0521401036525,1.0,1.0,193287.0,931.1381305181353
13063054,5.671204e-05,109.39012909,1.0,1417801.0,0.04557601245625,1.0,1.0,159224.0,974.0581471005069
13063059,2.075796e-05,351.92776489,0.858784500769051,518949.0,0.0547274235427468,1.0,0.85698514211318,194837.0,935.3967820390285
13063061,4.803596e-05,158.11903381,0.87347709178175,1200899.0,0.0578257801182079,1.0,0.87302819206134,187142.0,1014.135807961843
13063062,5.944328e-05,119.61675262,0.865239572958083,1486082.0,0.0547323092599816,1.0,0.863409391947617,173202.0,1024.1469439036375
13063063,1.402344e-05,101.83280945,0.827896146383195,350586.0,0.0110830062554826,1.0,0.828484438430311,34660.0,1030.7710935906177
13063065,3.384972e-05,96.55883789,1.0,846243.0,0.0248936097075,1.0,1.0,81529.0,1002.2475518226308
13063067,3.558696e-05,86.13131714,1.0,889674.0,0.02357853355,1.0,1.0,76089.0,1007.0942376061238
13063068,6.753048e-05,82.33023071,0.878632119727016,1688262.0,0.0400343837673071,1.0,0.794870184015443,139177.0,903.484773987282
13063071,2.07808e-05,73.9413147,1.0,519520.0,0.01201001292,1.0,1.0,39337.0,976.5358774930475
13063072,4.686592e-05,72.14571381,0.869796154714494,1171648.0,0.0272858271289056,1.0,0.869596825492988,86479.0,977.2315809218902
13063073,7.36634e-05,68.55661011,0.866147038236585,1841585.0,0.041031664490983,1.0,0.863620264499703,129550.0,971.7060043180015
13063074,6.053256e-05,65.23378754,0.844597730180096,1513314.0,0.0317800888816441,1.0,0.82844330767402,101416.0,954.7904168838272
13063076,8.420672e-05,62.0328064,0.875397691178549,2105168.0,0.0425874694507984,1.0,0.863169175941947,134042.0,960.6336960662481
13064001,6.252408e-05,58.09807968,0.860218715462213,1563102.0,0.0300906930569956,1.0,0.856120126294148,93572.0,965.8929679430998
13064002,9.572844e-05,56.35647202,0.868787782918195,2393211.0,0.0451578954927178,1.0,0.866083654923441,139415.0,964.4093729456152
13064003,5.777304e-05,53.41181564,0.873340180422235,1444326.0,0.0260282175198457,1.0,0.872176776798045,82372.0,935.2851456206255
13064004,5.801516e-05,51.70636368,0.889335677509583,1450379.0,0.0251743182477943,1.0,0.880945387170391,78284.0,948.9334630323849
13064005,2.289696e-05,50.93454361,0.775740959599504,572424.0,0.0098550169287532,1.0,0.77352257109631,29519.0,984.8835413189653
13064006,8.89784e-06,50.16636276,0.792660218828664,222446.0,0.0037800784124819,1.0,0.788990825688073,11446.0,970.4392731606828
13064012,1.126192e-05,317.77529907,0.859197121793945,281548.0,0.0258001874173654,1.0,0.852077123695976,91967.0,964.7763637093633
13064014,3.099352e-05,213.55982971,1.0,774838.0,0.0477522970425,1.0,1.0,167185.0,989.7674512237161
13064020,4.094988e-05,132.81993103,0.852152332505308,1023747.0,0.0415916204000716,1.0,0.85165316055586,135405.0,1003.6140125785237
13064021,4.264548e-05,121.22601318,0.906042783946263,1066137.0,0.0399429338424588,1.0,0.903869873573851,129374.0,996.5957662223504
13064022,4.125832e-05,108.62358856,0.863091512818134,1031458.0,0.0349694210629224,1.0,0.859161984910488,111885.0,996.8321475154454
13064023,4.625884e-05,99.20575714,0.861504646835107,1156471.0,0.0361623662149011,1.0,0.860314112462807,114572.0,999.9828485938323
13064024,7.251692e-05,92.57571411,0.908229827178844,1812923.0,0.0534327838331005,1.0,0.907421761457223,168959.0,992.4497548462963
13064025,6.589536e-05,84.50774384,1.0,1647384.0,0.043906176415,1.0,1.0,139451.0,998.3198763588255
13064026,4.505824e-05,79.13895416,0.902175459396159,1126456.0,0.0288997661695698,1.0,0.8994221796496,87702.0,1013.3690253737677
13064028,5.41666e-05,70.74456787,0.845216930651928,1354165.0,0.031090310855099,1.0,0.830853481224806,95728.0,983.7436756818265
13064029,8.376352e-05,67.45160675,1.0,2094088.0,0.046061406015625,1.0,1.0,142643.0,990.2315590382563
13064031,7.704032e-05,63.61063385,0.894946212316357,1926008.0,0.0410701947692642,1.0,0.893336230624366,123648.0,989.0510931604226
13064032,5.087276e-05,60.79127121,0.907372383604052,1271819.0,0.0260003753740487,1.0,0.903719937846425,78254.0,984.0298991412941
13064052,4.18172e-06,173.00053406,1.0,104543.0,0.00505018530125,1.0,1.0,17731.0,1020.0211399376561
13064055,6.505652e-05,143.01852417,1.0,1626413.0,0.06604450402,1.0,1.0,210622.0,1104.3821963085634
13064056,5.582028e-05,109.2423172,0.905953465984024,1395507.0,0.045331337171344,1.0,0.904252919910062,132717.0,1146.5167284502706
13064061,3.51538e-05,76.45492554,0.912052562141271,878845.0,0.0210798461217458,1.0,0.910181524083393,61054.0,1098.2767283297221
13064064,8.455732e-05,72.20487213,0.887276145516134,2113933.0,0.0484019663338417,1.0,0.887477077941502,136752.0,1116.4065457310492
13064065,0.00010051084,66.69539642,0.908062244823411,2512771.0,0.0535614683943966,1.0,0.90587245296628,151022.0,1107.0315192227906
13064066,6.767088e-05,61.13736725,0.914168555937628,1691772.0,0.0333270094274039,1.0,0.910839854140269,94420.0,1091.4411294805843
13064067,4.11884e-06,57.55015945,0.349466868017665,102971.0,6.87204791473299e-06,1.0,0.0012469479598373,6727.0,3.1432748319100154
13064068,5.114728e-05,56.59257889,0.843797271980997,1278682.0,0.0235573891992683,1.0,0.843442874692875,66196.0,1092.7173682468683
13064070,9.151608e-05,53.57090759,0.908760944820329,2287902.0,0.0400386798200185,1.0,0.906168135270302,114412.0,1068.203451189133
13064075,0.00010728248,49.28636551,0.907204821336315,2682062.0,0.0434670084453695,1.0,0.87676268744633,123805.0,1031.891729288977
13065005,3.082236e-05,250.82373047,0.914649695964151,770559.0,0.0548693656678694,1.0,0.913119794049126,172258.0,1120.129106311343
13065006,3.86302e-05,173.05247498,0.866892785544265,965755.0,0.0482207373327001,1.0,0.865183537263626,144383.0,1155.2382958998435
13065007,4.273564e-05,140.36413574,0.903092085181814,1068391.0,0.0439283875801804,1.0,0.901500010519008,129022.0,1160.2626369001541
13065008,4.526928e-05,122.52091217,0.836588896012971,1131732.0,0.0412060828999043,1.0,0.834635017154333,120127.0,1151.589487476141
13065009,4.769664e-05,110.01531982,0.851935286687306,1192416.0,0.0395252006862524,1.0,0.850191259479088,114375.0,1144.6161843211542
13065013,5.75608e-06,94.59066772,0.578665046640408,143902.0,0.0039346675357653,1.0,0.544288778350751,12276.0,1042.9425150518932
13065014,5.124852e-05,90.48303986,0.856000432274078,1281213.0,0.0357896829587026,1.0,0.855821151060187,104360.0,1110.614861178005
13065015,5.19874e-05,85.73675537,0.846480470105743,1299685.0,0.034637979734742,1.0,0.844223968895071,101054.0,1099.7459660668135
13065016,5.355192e-05,81.1150589,0.849846843406543,1338798.0,0.0341145738654411,1.0,0.847690280178685,99413.0,1089.6070406423637
13065017,5.419264e-05,76.03981018,0.846393019854461,1354816.0,0.0326094899445779,1.0,0.842430062778993,95048.0,1078.7980221830915
13065018,5.465832e-05,72.83226776,1.0,1366458.0,0.031251442915,1.0,1.0,91687.0,1085.4563344726523
13065019,6.865212e-05,69.55791473,0.87372693433451,1716303.0,0.0380465242608546,1.0,0.861223634585836,111285.0,1057.4116747946287
13065020,6.658432e-05,66.17012787,1.0,1664608.0,0.035326009554375,1.0,1.0,103355.0,1065.7183901448886
13065021,6.72142e-05,63.19110107,1.0,1680355.0,0.03424552501,1.0,1.0,99772.0,1064.2613422451175
13065022,3.941964e-05,60.72900009,0.89096972856482,985491.0,0.0197443695872866,1.0,0.887541172981158,57126.0,1043.6155407936387
13065046,4.772524e-05,230.83273315,0.913303321600595,1193131.0,0.079443615795211,1.0,0.912195227044695,296715.0,927.0833467839058
13065047,4.275256e-05,145.91978455,0.858360227741826,1068814.0,0.0456399436060823,1.0,0.855712438986337,154095.0,1008.9880558805993
13065049,6.447688e-05,107.10572052,0.910086136403437,1611922.0,0.052001551047372,1.0,0.907855598362365,165838.0,1038.5009918211563
13065050,6.989648e-05,93.46504211,0.870846842335095,1747412.0,0.0495822220261267,1.0,0.864368464136439,159829.0,1014.2524599598177
13065051,1.96986e-05,79.33310699,0.386284735736119,492465.0,0.0120603778287974,1.0,0.381608538212312,38939.0,991.1869497991959
13065052,5.63378e-05,74.721138,0.866081071836098,1408445.0,0.0330133676225065,1.0,0.863733755838868,105469.0,995.1301561203308
13065053,7.306184e-05,68.73072815,0.857385196959044,1826546.0,0.0395553675087584,1.0,0.855977735421673,124317.0,1008.1787173540704
13065055,6.435192e-05,61.76052856,1.0,1608798.0,0.0310006665,1.0,1.0,98584.0,1007.8736389908188
13065056,8.211384e-05,58.65076447,0.893357662737607,2052846.0,0.038451512118754,1.0,0.891218236173393,119533.0,1004.8492810981681
13065058,6.08514e-05,54.11000061,0.867507856216715,1521285.0,0.0265421400938087,1.0,0.867520273154076,81560.0,1009.2926741735442
13065059,6.490788e-05,52.29000092,0.870827983872019,1622697.0,0.0274268321916733,1.0,0.8691296245891,83291.0,1016.7406402227558
13065060,9.695e-05,50.56090927,0.869225175920315,2423750.0,0.0398221160682368,1.0,0.86542727519929,121196.0,1006.7292641807605
13066021,5.21754e-05,77.7616272,0.84209127150641,1304385.0,0.0305504356777084,1.0,0.840823316208622,101553.0,997.2957279754095
13066022,5.41308e-05,70.82336426,0.849825230492364,1353270.0,0.0290831475210903,1.0,0.847724583886496,94211.0,1014.8095616425429
13066023,5.547892e-05,64.79204559,0.859912811315606,1386973.0,0.0276075310269654,1.0,0.858025050975823,88669.0,1011.2614134268186
13066024,5.618608e-05,60.53538513,0.82290109202278,1404652.0,0.0261677214132395,1.0,0.817716486281439,85143.0,992.394202322497
13066025,5.787252e-05,56.88758469,0.845418464801964,1446813.0,0.0256539528253676,1.0,0.843799161651121,83450.0,984.3984403055861
13066026,5.906024e-05,53.43454361,0.863097979126705,1476506.0,0.0248830553463298,1.0,0.86384091528194,79566.0,992.4381845327428
13066027,5.947488e-05,51.78272629,0.843409506341973,1486872.0,0.02437390208427,1.0,0.840492818553169,76820.0,998.8026990418035
13066028,5.957964e-05,49.95182037,0.837801917967031,1489491.0,0.023717832041515,1.0,0.835024162676756,75062.0,987.9313419507704
13066029,5.998776e-05,48.04182053,0.843251634642337,1499694.0,0.0231371270292742,1.0,0.842312015481419,72961.0,986.386538790935
13066030,6.080044e-05,46.47545242,0.879352844118557,1520011.0,0.0228229209751372,1.0,0.878640535847184,71055.0,993.3991317846584
13066031,6.124544e-05,45.20363617,0.883958410951472,1531136.0,0.0224992801023945,1.0,0.884203463315182,68772.0,1006.6902516377662
13066033,6.182648e-05,44.44454575,0.866316461361289,1545662.0,0.0224500692074514,1.0,0.865327655246933,68311.0,1004.4917534914692
13066034,6.569116e-05,43.15272522,1.0,1642279.0,0.022889828325,1.0,1.0,69196.0,1024.175016208688
13066100,3.616e-07,74.55057526,0.0892889061354023,9040.0,0.0002333706251867,1.0,0.0907003444316877,426.0,1607.0199346858897
13066105,3.62884e-06,63.89871979,1.0,90721.0,0.0018766301925,1.0,1.0,3847.0,1506.876984161318
13068023,2.590084e-05,116.217659,0.899453264067787,647521.0,0.0224252402207494,1.0,0.899147952793409,51303.0,1466.3436971714207
13068028,1.239612e-05,74.63253784,0.896376732614694,309903.0,0.0075996132687766,1.0,0.885727580934654,13669.0,1671.9636848066984
13068057,1.995116e-05,440.02182007,0.910775524533549,498779.0,0.0628690621244501,1.0,0.909804069981186,168670.0,1299.813527320359
13068058,2.832976e-05,310.72412109,0.9180274876126,708244.0,0.0643183752296187,1.0,0.917319047979901,157981.0,1391.931106162066
13068059,3.38782e-05,251.7961731,0.918376177992183,846955.0,0.0636762938513092,1.0,0.917977402947764,148830.0,1432.288023539294
13068060,3.55596e-05,209.48956299,0.920609330276236,888990.0,0.0014944751313166,1.0,0.0244466056806548,130316.0,37.94938313979355
13068084,3.37768e-06,317.21704102,0.871015919299822,84442.0,0.0074973710416156,1.0,0.862210382417891,25351.0,1045.940744122124
13068085,2.571052e-05,297.44073486,0.907852068271465,642763.0,0.0543861893006399,1.0,0.906562903297584,163706.0,1166.19070014254
13068086,3.08138e-05,231.56726074,0.886187451785975,770345.0,0.0517940273585011,1.0,0.885584426499777,137480.0,1296.6634741470468
13068087,4.26366e-05,193.19367981,0.908843592031255,1065915.0,0.0606085082560904,1.0,0.906112210585836,144861.0,1417.2838653213332
13068088,5.147676e-05,164.09176636,0.910875548422329,1286919.0,0.0637559210389122,1.0,0.909614760147601,154476.0,1365.1345001909476
13068090,6.626084e-05,140.94252014,0.8785567179118,1656521.0,0.0722333369810848,1.0,0.877871664189505,166111.0,1404.435546689964
13069001,0.0001050146,121.66959381,0.911493275115045,2625365.0,0.100792242459637,1.0,0.910110615028648,240330.0,1327.1025199110968
13069002,5.008444e-05,106.95636749,0.896677734368702,1252111.0,0.0429043518327669,1.0,0.895863923434819,101639.0,1316.4208560763327
13069003,3.011296e-05,100.49150085,0.886420002197833,752824.0,0.0245611514182176,1.0,0.883400652825183,59584.0,1265.3518428274429
13069004,5.776632e-05,94.34790039,0.901285781809921,1444158.0,0.0445052437100619,1.0,0.89444794012452,108032.0,1251.6620428708168
13069005,4.803212e-05,88.81333923,0.913037435107667,1200803.0,0.0352110390975821,1.0,0.910990736882592,85595.0,1243.1597596974748
13069007,5.442884e-05,79.83827209,0.858975608849104,1360721.0,0.0365442570312608,1.0,0.858171162223555,87584.0,1239.2203175475304
13069008,5.175456e-05,75.99324799,0.890706778099896,1293864.0,0.0331934733412889,1.0,0.889081967585494,75417.0,1301.371910013344
13069013,2.57902e-05,330.78182983,0.899287149755962,644755.0,0.0615481361020966,1.0,0.896050826655115,186158.0,1141.5341722065223
13069014,3.484364e-05,249.69311523,0.88813001249034,871091.0,0.0646518568929777,1.0,0.886903703854182,174562.0,1244.2862659693712
13069016,3.593064e-05,194.78987122,0.919289786217528,898266.0,0.0533064697235227,1.0,0.918847594825936,134892.0,1296.510941465222
13069017,4.055872e-05,169.91882324,0.896801859431359,1013968.0,0.0534179243800355,1.0,0.895228529759776,130616.0,1316.7604549908292
13069018,4.13182e-05,152.83479309,0.919591423719527,1032955.0,0.0495631500570019,1.0,0.918868127147766,120259.0,1311.7296109285537
13069020,9.23936e-06,135.85876465,0.90767724414366,230984.0,0.0098761615270478,1.0,0.899720501586342,23920.0,1300.422732916517
13069021,4.996788e-05,129.6177063,0.918446947150432,1249197.0,0.051836378671563,1.0,0.916764527686565,122991.0,1314.0916563141832
13069022,5.2483e-05,120.96968842,0.918143821246634,1312075.0,0.0514727734459188,1.0,0.916575840145322,121516.0,1303.9455215625662
13069023,5.27786e-05,112.84539032,0.917680910249768,1319465.0,0.0013249468922381,1.0,0.0248829496136031,115580.0,34.93085131846896
13069024,2.068656e-05,104.75473022,0.909551811373964,517164.0,0.0178784024878903,1.0,0.907198786445669,41060.0,1316.006399083136
13069026,4.691936e-05,101.31890869,0.916754879558701,1172984.0,0.0395162950155495,1.0,0.914998954047835,92176.0,1286.8623684196568
13069027,3.137892e-05,96.9307251,0.912793176614431,784473.0,0.0255146746737351,1.0,0.912096761704171,59206.0,1283.341593765375
13069030,5.86908e-05,88.14009094,0.912427168223152,1467270.0,0.0436231362728227,1.0,0.908502060165699,102873.0,1251.727620642775
13069031,9.54368e-06,81.1150589,0.878583272683723,238592.0,0.0065614987188437,1.0,0.874709572490706,15410.0,1250.361738451728
13069035,5.851216e-05,79.14925385,0.909453480416055,1462804.0,0.0394336593329678,1.0,0.906396798124957,91567.0,1260.1778796432739
13069036,3.146156e-05,74.92652893,0.900563677814793,786539.0,0.0201098780560181,1.0,0.896513131235166,46728.0,1255.5121232252989
13069066,3.174516e-05,329.38778687,0.913764032042237,793629.0,0.0772809461751901,1.0,0.911220075779974,200881.0,1297.7032128070564
13069067,4.017504e-05,267.6708374,0.915367583934817,1004376.0,0.0811544490338338,1.0,0.913695296130585,200216.0,1340.3075499517226
13069068,3.990564e-05,219.51330566,0.915140975910904,997641.0,0.0673975494025447,1.0,0.914570444811466,163854.0,1335.694852029594
13069069,1.337924e-05,190.68557739,0.895020395598719,334481.0,0.0197317971141773,1.0,0.890626178800453,47657.0,1331.7574147731477
13069073,5.553404e-05,159.6781311,0.914087368044297,1388351.0,0.0703448653370621,1.0,0.912183816570593,169994.0,1301.3849526488846
13069074,7.1016e-07,143.0693512,0.527254065478377,17754.0,0.0007910582009455,1.0,0.510660608178958,1873.0,1313.4618615242339
13070006,1.114016e-05,298.81066895,0.921609486614753,278504.0,0.0244028958590192,1.0,0.917452566741666,58055.0,1427.0020301529541
13070008,3.813388e-05,275.09368896,0.934143844831076,953347.0,0.0784103495791195,1.0,0.932392564626271,181333.0,1443.576587334814
13070010,4.638792e-05,230.79556274,0.925773332732325,1159698.0,0.0819054755041999,1.0,0.924428943699785,188177.0,1420.282351742645
13070011,3.023132e-05,196.78749084,0.933744027451534,755783.0,0.0463378364912699,1.0,0.932626818020575,101977.0,1456.707775363262
13070012,5.112536e-05,181.7830658,0.916816490489449,1278134.0,0.0733102739633205,1.0,0.915914491930548,166119.0,1397.2786323219775
13070014,9.07e-06,168.37336731,0.885099225696701,226750.0,0.0120308945320627,1.0,0.880301267132144,27611.0,1375.2381878511376
13070015,1.64456e-06,161.91920471,0.764606046409913,41114.0,0.0020996754512189,1.0,0.760425319820568,5000.0,1324.1492239431122
13070016,4.179976e-05,152.78977966,0.910168406169593,1044994.0,0.0511258216143856,1.0,0.908731211662426,116818.0,1364.6209158129213
13070017,4.4367e-05,142.46369934,0.910052419978012,1109175.0,0.0510508109457864,1.0,0.908360888049126,117672.0,1340.3652878914222
13070018,1.310736e-05,133.42913818,0.885368949411386,327684.0,0.0141340518028328,1.0,0.878560104958181,32546.0,1333.077776941424
13070019,1.94448e-06,131.34509277,0.743741461568122,48612.0,0.0019928794009506,1.0,0.709241783273674,4735.0,1285.9073470802673
13070020,4.374944e-05,130.98518372,0.884685420075983,1093736.0,0.0470233646132021,1.0,0.882109473856076,108425.0,1317.4643317127388
13070021,8.7588e-06,119.10153961,0.87231298686904,218970.0,0.0086438039404422,1.0,0.869998670743055,19253.0,1350.982843893995
13070022,4.86764e-05,119.01013947,0.908835074125543,1216910.0,0.0482483148906279,1.0,0.907565523277898,110252.0,1311.7433102044195
13070024,8.59212e-06,107.39605713,0.873504180519289,214803.0,0.0077112583532381,1.0,0.87078910936779,16504.0,1393.4374096041427
13070025,4.795192e-05,108.59421539,0.907341455462451,1198798.0,0.0438038465190855,1.0,0.907807564364185,97804.0,1331.7390298526427
13070026,4.639256e-05,102.49031067,0.906789177373376,1159814.0,0.0400972381124613,1.0,0.903904390540335,89575.0,1322.819253103271
13070027,4.258928e-05,98.38780212,0.906601288213561,1064732.0,0.0355650594354006,1.0,0.904684513522484,79371.0,1317.0447697053569
13070057,4.335052e-05,177.78213501,0.906709430857375,1083763.0,0.0585189701091672,1.0,0.906102232524094,186251.0,1033.7913445542633
13070058,4.960128e-05,156.06265259,0.906995412389622,1240032.0,0.0596838003980986,1.0,0.905862787470933,187906.0,1028.6048273811116
13070059,1.50058e-05,142.91394043,0.844671365678298,375145.0,0.0166447666530689,1.0,0.842391829633687,52288.0,1022.5818965036754
13070060,1.790128e-05,133.67643738,0.79521374854149,447532.0,0.018734714956092,1.0,0.793667161634494,57693.0,1034.9285453154184
13070061,4.0446e-06,128.09992981,0.682223189141357,101115.0,7.13273489740438e-06,1.0,0.0011922087823779,12729.0,1.7782631584230821
13071003,4.768604e-05,115.72172546,0.907597426697102,1192151.0,0.0441693685160556,1.0,0.905438706693634,131616.0,1045.69078412601
13071004,4.360612e-05,109.97642517,0.907894817533437,1090153.0,0.0387962508624936,1.0,0.906918060451216,115117.0,1040.3515133469652
13071005,4.4375e-05,106.10639191,0.908618282621057,1109375.0,0.0385802176976352,1.0,0.908526414085384,114338.0,1029.4029712610716
13071006,1.224488e-05,102.5417099,0.652409748134132,306122.0,0.0103139105789667,1.0,0.650726132164647,30620.0,1022.5103600233365
13071008,1.877188e-05,99.91681671,0.902002097321564,469297.0,0.0154877191891406,1.0,0.900895670923868,43670.0,1072.432897941086
13071009,1.680768e-05,94.8559494,0.908957586126118,420192.0,0.013189016136894,1.0,0.904760444144531,29725.0,1334.6902196622575
13071010,4.758076e-05,96.53651428,0.894304700433405,1189519.0,0.0383144622046522,1.0,0.892579652708974,85877.0,1334.5891850829823
13071011,4.958512e-05,92.20684814,0.914058941822841,1239628.0,0.0382163089747505,1.0,0.911055497674618,85149.0,1337.9677147900159
13071012,5.61276e-05,88.57400513,0.906745007333268,1403190.0,0.0418608432288983,1.0,0.905369361011249,93974.0,1320.5524986749815
13071028,3.910208e-05,187.32159424,0.916035780016456,977552.0,0.0531453724258939,1.0,0.91531790353431,119597.0,1529.9137500394668
13071029,3.649772e-05,175.18563843,0.911976362430209,912443.0,0.0468776448716406,1.0,0.909291457693658,101373.0,1572.177128670682
13071031,4.36336e-05,163.28526306,0.918307038002299,1090840.0,0.0531004404975521,1.0,0.915303517207497,114017.0,1557.0969486111608
13071032,4.822664e-05,148.16281128,0.916330915809821,1205666.0,0.0541114778760119,1.0,0.913673242125358,115233.0,1545.7096639025378
13071033,4.546468e-05,138.60960388,0.916933369076764,1136617.0,0.0484959295709887,1.0,0.916404211284082,102220.0,1540.3552444092568
13071041,7.052128e-05,117.25231171,0.91980152450642,1763032.0,0.0654348272976535,1.0,0.918596077274738,137345.0,1503.1392549729471
13071042,3.50882e-05,109.27188873,0.918731124510654,877205.0,0.0303330840349384,1.0,0.906790335508989,63647.0,1486.449172286125
13071043,5.205604e-05,105.7465744,0.921722724236879,1301401.0,0.0443520936614042,1.0,0.920192980144532,91096.0,1508.1924316986988
13071045,5.895332e-05,99.53673553,0.919665211304756,1473833.0,0.0477482831238358,1.0,0.917641343746497,98560.0,1485.1632307037803
13071046,2.543904e-05,95.56725311,0.914088814937291,635976.0,0.0199458578377068,1.0,0.912399876089746,41515.0,1461.3074912817976
13071048,2.989304e-05,95.46478271,1.0,747326.0,0.023021140471875,1.0,1.0,48587.0,1468.3621998380938
13071050,6.418632e-05,89.92288971,0.872932082788055,1604658.0,0.0479082832616111,1.0,0.870910859783534,100250.0,1436.0237070431417
13071051,1.629004e-05,86.71952057,0.919991495631555,407251.0,0.0118119025544635,1.0,0.92011688360973,24556.0,1438.4030323486022
13071055,5.146664e-05,83.82226562,0.818487435581428,1286666.0,0.0361835432169178,1.0,0.816024800286157,75096.0,1431.8573593953267
13071064,2.873476e-05,273.0335083,0.905536466837328,718369.0,0.0572499028748321,1.0,0.904315708451818,169810.0,1153.4915057060955
13072001,3.218016e-05,221.40936279,0.915275462258907,804504.0,0.0521358164721835,1.0,0.91316354921352,133136.0,1334.8283843111199
13072002,3.735136e-05,195.58761597,0.912828759179479,933784.0,0.0543243925835004,1.0,0.911429510711742,133574.0,1365.2105059155856
13072003,4.215388e-05,178.38838196,0.917953312700976,1053847.0,0.0566100111042785,1.0,0.915220275464008,134285.0,1395.7950881044274
13072004,2.819392e-05,164.43032837,0.913452595702057,704848.0,0.0353079003850138,1.0,0.91304443466784,83473.0,1387.8332015402382
13072005,4.330788e-05,156.00341797,0.912336123806846,1082697.0,0.0519151699570507,1.0,0.908959385916253,121697.0,1382.772653767244
13072006,9.83408e-06,145.453125,0.90824160242837,245852.0,0.0110802309788192,1.0,0.906467414454068,25903.0,1377.8360453370735
13072007,4.336248e-05,142.09213257,0.915511568555272,1084062.0,0.0481292647118539,1.0,0.914646706295464,113252.0,1358.83840096228
13072008,5.266152e-05,129.37554932,0.914174264294241,1316538.0,0.0538734791484133,1.0,0.91341551637206,125377.0,1357.3977521316524
13072009,4.508116e-05,122.62012482,0.896841716859357,1127029.0,0.0441292151753552,1.0,0.895315588816718,101824.0,1354.8993559289702
13072010,4.1926e-05,116.85871124,0.914520349511772,1048150.0,0.0392375877712193,1.0,0.911912949751065,89177.0,1369.59348768097
13072011,4.619968e-05,111.5398941,0.912846497567318,1154992.0,0.0416580626947065,1.0,0.910747939036058,94648.0,1357.995110115556
13072014,2.657452e-05,106.97196198,0.901241676925809,664363.0,0.0231659557087906,1.0,0.898622977874813,52537.0,1348.7963480100882
13072015,3.16568e-05,102.26999664,0.902385975161235,791420.0,0.0265782920241535,1.0,0.901462183626512,58171.0,1389.9651419416955
13072016,6.910832e-05,98.48894501,0.915187293492963,1727708.0,0.0561075131498315,1.0,0.913189592782877,127776.0,1328.7996736398636
13072017,4.957744e-05,94.06206512,0.913840890874874,1239436.0,0.038670260176162,1.0,0.9121010054558,87599.0,1328.3478419705473
13072018,4.99626e-05,89.82949829,0.913084597027762,1249065.0,0.0373646460799612,1.0,0.909080016556652,83824.0,1332.6825977031401
13072019,2.508512e-05,87.43017578,0.910545560178101,627128.0,0.0183054399743018,1.0,0.905712334500914,41408.0,1317.10952246147
13072020,3.196416e-05,84.90306091,0.909913641834699,799104.0,0.0227463307384268,1.0,0.906797577668685,50921.0,1327.8221329724975
